elevation,point_id,slope,longitude,latitude,clay,land_cover,annual_rainfall,NDVI,sand,silt,soc,K,LS,C,P,R,soil_loss
571,1,1.9479624032974243,78.80939028424365,17.84269667856602,26,30,1135.016410316457,0.3810965418815613,51,23,2,0.029826789585390038,0.6775683670254856,0.29184811313997405,1,491.0109569448739,2.8960610064821886
571,2,0.974200427532196,78.80777331673227,17.83137790598611,29,40,1135.016410316457,0.5207893252372742,48,23,2,0.029932318980145325,0.5134876602881694,0.11377531072244318,1,491.0109569448739,0.8586369822062174
572,3,2.1571531295776367,78.8104682625846,17.84242718398078,26,40,1135.016410316457,0.4265226125717163,51,23,2,0.029826789585390038,0.705811030093626,0.22593773313219817,1,491.0109569448739,2.335473275868564
544,4,2.6883108615875244,78.78540526615768,17.82383205759951,32,10,1151.2951368041395,0.5256152153015137,45,23,2,0.03009274375958627,0.7708560440384538,0.10904585248405525,1,496.9201346599026,1.2569870843272979
550,5,2.9202377796173096,78.79052566327715,17.824371046769983,33,40,1151.2951368041395,0.5580975413322449,44,23,2,0.0301580557278245,0.7968411316535245,0.0799874398761391,1,496.9201346599026,0.9551761588156542
565,6,0.9274099469184875,78.80319190878322,17.847278086515026,30,40,1135.016410316457,0.23180076479911804,46,24,2,0.030555158406844272,0.5034748895187708,0.5468989290832021,1,491.0109569448739,4.131051520724754
542,7,2.7802884578704834,78.78378829864624,17.8230235738438,35,40,1151.2951368041395,0.410567045211792,42,23,2,0.0303060877726832,0.781315268995993,0.24830645574863788,1,496.9201346599026,2.9216675269593115
561,8,3.3929922580718994,78.79968847917519,17.836498303105593,31,40,1151.2951368041395,0.35852450132369995,47,22,2,0.029450829852146646,0.8462337186008704,0.32699448020283256,1,496.9201346599026,4.049625649585321
556,9,1.947938084602356,78.79349010371476,17.840540721884132,31,30,1151.2951368041395,0.21370097994804382,46,23,2,0.03003330628227257,0.6775649808524478,0.5806764231093424,1,496.9201346599026,5.871849073427923
554,10,2.157043695449829,78.79133414703284,17.83137790598611,31,40,1151.2951368041395,0.4614850580692291,46,23,2,0.03003330628227257,0.7057966937862951,0.18015865928401467,1,496.9201346599026,1.8976866403381563
560,11,3.3930323123931885,78.79375959829997,17.84269667856602,31,30,1151.2951368041395,0.07909942418336868,46,23,2,0.03003330628227257,0.846237723864639,0.8421584413334839,1,496.9201346599026,10.635941183155097
554,12,2.1572108268737793,78.79645454415237,17.84835606485597,32,30,1151.2951368041395,0.6451369524002075,46,22,2,0.02950457576222098,0.7058185884945829,0.026358167971710426,1,496.9201346599026,0.2727622609691523
557,13,0.9274099469184875,78.79187313620332,17.840540721884132,31,40,1151.2951368041395,0.2933819591999054,46,23,2,0.03003330628227257,0.5034748895187708,0.43588212030423673,1,496.9201346599026,3.2751908303767663
551,14,0.9274099469184875,78.79160364161811,17.824371046769983,31,30,1151.2951368041395,0.3298627436161041,45,24,2,0.030614290023118454,0.5034748895187708,0.37363973212563917,1,496.9201346599026,2.8618156460639357
569,15,0.9274099469184875,78.80238342502753,17.830838916815637,28,10,1135.016410316457,0.7544330954551697,51,21,2,0.028758681854367137,0.5034748895187708,0.002145419950772665,1,491.0109569448739,0.015252825092607454
558,16,0.9274099469184875,78.80103595210136,17.822215090088093,31,30,1135.016410316457,0.17494599521160126,48,21,2,0.02886624257519492,0.5034748895187708,0.654369080867315,1,491.0109569448739,4.669625224444248
550,17,0.9274099469184875,78.78378829864624,17.84458314066267,33,40,1151.2951368041395,0.3420467972755432,43,24,2,0.030750211314657515,0.5034748895187708,0.35355017538723565,1,496.9201346599026,2.719966599994849
553,18,2.0943856239318848,78.78917819035098,17.84593061358885,30,40,1151.2951368041395,0.2615271210670471,44,26,2,0.031703611295929815,0.6975157202423634,0.49248477015102143,1,496.9201346599026,5.4118049252036
556,19,1.3449054956436157,78.79672403873758,17.826527003451865,32,10,1151.2951368041395,0.6761726140975952,46,22,2,0.02950457576222098,0.584201354866926,0.015357829061048291,1,496.9201346599026,0.13154318647561247
552,20,0.9274099469184875,78.79079515786242,17.838654259787482,33,40,1151.2951368041395,0.24059639871120453,44,23,2,0.0301580557278245,0.5034748895187708,0.5306536864872836,1,496.9201346599026,4.003860471418307
570,21,0.9274099469184875,78.80885129507317,17.83137790598611,29,40,1135.016410316457,0.6920204758644104,50,21,2,0.02878838504314994,0.5034748895187708,0.011176541445544712,1,491.0109569448739,0.07954149226861933
559,22,0.9274099469184875,78.80319190878322,17.839193248957955,29,40,1135.016410316457,0.729613184928894,49,22,2,0.029361327463965223,0.5034748895187708,0.004531010124662499,1,491.0109569448739,0.03288817071875643
549,23,2.9455387592315674,78.78297981489055,17.841079711054604,33,40,1151.2951368041395,0.2467626929283142,44,23,2,0.0301580557278245,0.7996003494621792,0.5193352182688049,1,496.9201346599026,6.2231559413886455
573,24,1.9478439092636108,78.80238342502753,17.83191689515658,28,10,1135.016410316457,0.8021993041038513,51,21,2,0.028758681854367137,0.6775518674927988,0.00030016210325681844,1,491.0109569448739,0.002871828931842694
555,25,1.8543341159820557,78.79780201707854,17.838923754372715,31,40,1151.2951368041395,0.46785667538642883,47,22,2,0.029450829852146646,0.6643390891346169,0.17232277531394136,1,496.9201346599026,1.675392697091637
551,26,1.344986915588379,78.7924121253738,17.847008591929793,33,40,1151.2951368041395,0.6786885261535645,45,22,2,0.029564222483894002,0.5842155067179524,0.014632798075754475,1,496.9201346599026,0.1255895533553663
558,27,0.0,78.79456808205572,17.84377465690696,33,40,1151.2951368041395,0.21949154138565063,45,22,2,0.029564222483894002,0.16531147321376102,0.5698214622263196,1,496.9201346599026,1.3838685996409505
561,28,1.3449429273605347,78.79807151166375,17.83595931393512,31,40,1151.2951368041395,0.23745818436145782,47,22,2,0.029450829852146646,0.5842078610525178,0.5364365532117926,1,496.9201346599026,4.586378477454116
572,29,1.344933032989502,78.80238342502753,17.833264368082766,28,10,1135.016410316457,0.8189343214035034,51,21,2,0.028758681854367137,0.5842061412751549,0.0001178950599811165,1,491.0109569448739,0.0009725722765805983
569,30,3.999556541442871,78.80130544668657,17.833264368082766,29,20,1135.016410316457,0.5172238945960999,49,22,2,0.029361327463965223,0.9039432471263539,0.11733677021257202,1,491.0109569448739,1.5291220986992398
571,31,1.9478105306625366,78.80669533839131,17.828952454718987,28,10,1135.016410316457,0.5408861041069031,51,21,2,0.028758681854367137,0.677547219628733,0.09477804147039826,1,491.0109569448739,0.9067915353190716
563,32,1.8543341159820557,78.80804281131748,17.839732238128427,30,30,1135.016410316457,0.2568329870700836,47,23,2,0.0299798071680585,0.6643390891346169,0.5009819979625618,1,491.0109569448739,4.899276448126115
559,33,2.1571366786956787,78.7999579737604,17.840810216469364,32,40,1151.2951368041395,0.6582887172698975,47,21,2,0.028914216017125644,0.7058088749902226,0.021218236717016257,1,496.9201346599026,0.21517629269916627
555,34,1.3449254035949707,78.79268161995907,17.83137790598611,31,40,1151.2951368041395,0.267203688621521,46,23,2,0.03003330628227257,0.5842048151765906,0.4822602465790437,1,496.9201346599026,4.204712785066143
570,35,1.8543341159820557,78.80885129507317,17.831108411400876,29,40,1135.016410316457,0.6824610829353333,50,21,2,0.02878838504314994,0.6643390891346169,0.013589734642508289,1,491.0109569448739,0.12761721701615122
553,36,2.9204604625701904,78.79295111454428,17.83811527061701,33,40,1151.2951368041395,0.368613600730896,44,23,2,0.0301580557278245,0.7968654785159069,0.3111026441193492,1,496.9201346599026,3.715169637812123
548,37,2.156991481781006,78.78648324449864,17.825988014281393,34,40,1151.2951368041395,0.1839243620634079,44,22,2,0.029629709159312897,0.7057898534341733,0.6371480561747789,1,496.9201346599026,6.621094033648127
564,38,0.9274099469184875,78.80103595210136,17.843505162321726,30,40,1135.016410316457,0.26739707589149475,48,22,2,0.029403054202064658,0.5034748895187708,0.4819129256255382,1,491.0109569448739,3.502918380645048
556,39,1.9479137659072876,78.79591555498189,17.838384765202242,31,30,1151.2951368041395,0.2160271257162094,47,22,2,0.029450829852146646,0.6775615946541235,0.5763105154047083,1,496.9201346599026,5.714647624574562
560,40,2.9455065727233887,78.8101987679994,17.823293068429038,33,40,1135.016410316457,0.1724667102098465,45,22,2,0.029564222483894002,0.7995968483262184,0.6591387622013059,1,491.0109569448739,7.650777485404732
563,41,2.094360113143921,78.79941898458992,17.83595931393512,31,40,1151.2951368041395,0.3955455422401428,47,22,2,0.029450829852146646,0.6975123187481779,0.27015248615559867,1,496.9201346599026,2.7576870619922755
571,42,1.3449143171310425,78.8064258438061,17.828682960133754,28,30,1135.016410316457,0.4438910186290741,51,21,2,0.028758681854367137,0.5842028881815816,0.2026211358390223,1,491.0109569448739,1.671508560819533
559,43,1.948020100593567,78.79941898458992,17.848086570270738,32,30,1151.2951368041395,0.41048362851142883,47,21,2,0.028914216017125644,0.6775764007858451,0.24842570207029208,1,496.9201346599026,2.4185374296483744
570,44,1.3449715375900269,78.80615634922083,17.842966173151254,25,40,1135.016410316457,0.5017688870429993,53,22,2,0.029256845100499883,0.5842128338600765,0.1334269239082333,1,491.0109569448739,1.1197813829836256
555,45,2.0943946838378906,78.79753252249327,17.849434043196915,33,40,1151.2951368041395,0.6259761452674866,46,21,2,0.02896811539631949,0.6975169282436837,0.03518088018038635,1,496.9201346599026,0.35323870906034993
547,46,2.920214891433716,78.78917819035098,17.8230235738438,33,40,1151.2951368041395,0.41893497109413147,44,23,2,0.0301580557278245,0.7968386291296014,0.236464887804574,1,496.9201346599026,2.8237547574236634
562,47,1.3449022769927979,78.80211393044232,17.82544902511092,29,30,1135.016410316457,0.2578906714916229,47,24,2,0.030501999286773482,0.5842007954127811,0.4990641185913854,1,491.0109569448739,4.366545404461522
567,48,1.3449231386184692,78.80049696293088,17.830838916815637,30,30,1135.016410316457,0.4302840232849121,48,22,2,0.029403054202064658,0.5842044214902118,0.2207948751962836,1,491.0109569448739,1.8622477426147672
553,49,4.183145523071289,78.7924121253738,17.837306786861298,32,40,1151.2951368041395,0.3416714072227478,45,23,2,0.03009274375958627,0.9203736561454916,0.35416351713529787,1,496.9201346599026,4.874346322849136
556,50,1.9480109214782715,78.7961850495671,17.847278086515026,32,40,1151.2951368041395,0.5978119373321533,46,22,2,0.02950457576222098,0.6775751226971266,0.051159963497562876,1,496.9201346599026,0.5082339201363455
549,51,2.094329833984375,78.79052566327715,17.82383205759951,33,40,1151.2951368041395,0.3994447886943817,44,23,2,0.0301580557278245,0.6975082814285376,0.2644107066473965,1,496.9201346599026,2.763874625628368
572,52,2.094374179840088,78.8104682625846,17.841349205639837,26,40,1135.016410316457,0.3350100517272949,51,23,2,0.029826789585390038,0.6975141943414933,0.3651072045358119,1,491.0109569448739,3.729676350282357
558,53,1.344933032989502,78.79456808205572,17.833264368082766,32,40,1151.2951368041395,0.2419770509004593,45,23,2,0.03009274375958627,0.5842061412751549,0.5281142974118951,1,496.9201346599026,4.613626410547622
574,54,3.999750852584839,78.8112767463403,17.84242718398078,26,40,1135.016410316457,0.24326635897159576,51,23,2,0.029826789585390038,0.9039608706404166,0.5257455789516425,1,491.0109569448739,6.960219808282842
559,55,2.945533275604248,78.79861050083423,17.83811527061701,31,40,1151.2951368041395,0.3837125599384308,47,22,2,0.029450829852146646,0.7995997529739597,0.28787211515157435,1,496.9201346599026,3.3686538045282854
557,56,1.3449374437332153,78.79483757664093,17.834342346423703,34,40,1151.2951368041395,0.2669457495212555,45,21,2,0.02902787435560302,0.5842069079238312,0.48272360579197504,1,496.9201346599026,4.067869890411753
556,57,1.3449407815933228,78.79537656581141,17.835150830179415,34,30,1151.2951368041395,0.43302181363105774,45,21,2,0.02902787435560302,0.584207488089396,0.21708363832344574,1,496.9201346599026,1.8293467781576935
567,58,0.9742247462272644,78.80831230590275,17.83595931393512,29,40,1135.016410316457,0.38678815960884094,48,23,2,0.029932318980145325,0.5134927884581395,0.28322443847331485,1,491.0109569448739,2.137453233808894
558,59,0.0,78.79726302790806,17.848086570270738,32,40,1151.2951368041395,0.6643087267875671,46,22,2,0.02950457576222098,0.16531147321376102,0.019104044606560212,1,496.9201346599026,0.046302483791677645
549,60,0.9742065072059631,78.78756122283954,17.832455884327054,35,40,1151.2951368041395,0.6644800305366516,43,22,2,0.029700982967947452,0.513488942337857,0.019046021176407076,1,496.9201346599026,0.14434201895631915
550,61,1.3449803590774536,78.78163234196438,17.845391624418376,32,30,1151.2951368041395,0.25177064538002014,44,24,2,0.03067932722450412,0.5842143671296242,0.5101873881739281,1,496.9201346599026,4.543958722193797
544,62,0.9274099469184875,78.78756122283954,17.823293068429038,33,40,1151.2951368041395,0.29126405715942383,44,23,2,0.0301580557278245,0.5034748895187708,0.43958443781818546,1,496.9201346599026,3.316729534249732
556,63,1.9479410648345947,78.79079515786242,17.840810216469364,32,40,1151.2951368041395,0.18116219341754913,45,23,2,0.03009274375958627,0.6775653958259933,0.6424372399756432,1,496.9201346599026,6.509240334335673
562,64,0.9742414355278015,78.80534786546514,17.838923754372715,29,40,1135.016410316457,0.6768420934677124,50,21,2,0.02878838504314994,0.5134963077460646,0.015162578074612331,1,491.0109569448739,0.11005730187095977
561,65,0.9742611646652222,78.79780201707854,17.84242718398078,32,40,1151.2951368041395,0.5235433578491211,46,22,2,0.02950457576222098,0.5135004680005285,0.11106343797037446,1,496.9201346599026,0.8361571838247471
548,66,2.945510149002075,78.78648324449864,17.825179530525688,34,40,1151.2951368041395,0.5145631432533264,44,22,2,0.029629709159312897,0.7995972373424507,0.12003159137131736,1,496.9201346599026,1.4131258199775107
557,67,3.704791784286499,78.79834100624902,17.841618700225077,32,30,1151.2951368041395,0.30113813281059265,47,21,2,0.028914216017125644,0.8766006888617621,0.42240282335800916,1,496.9201346599026,5.320183788898486
564,68,1.8543341159820557,78.80831230590275,17.826527003451865,31,40,1135.016410316457,0.6565008163452148,48,21,2,0.02886624257519492,0.6643390891346169,0.021874577962511403,1,491.0109569448739,0.20597330128996263
568,69,3.3929853439331055,78.80965977882892,17.835150830179415,27,40,1135.016410316457,0.386287659406662,50,23,2,0.02985571290986813,0.8462330272132089,0.2839787787531683,1,491.0109569448739,3.5228527269781975
567,70,0.9274099469184875,78.81073775716982,17.832455884327054,29,40,1135.016410316457,0.41117289662361145,49,22,2,0.029361327463965223,0.5034748895187708,0.247441081349601,1,491.0109569448739,1.7960420088148756
551,71,2.157106637954712,78.78513577157241,17.83784577603177,35,40,1151.2951368041395,0.43212148547172546,44,21,2,0.029093435025731893,0.7058049395586582,0.21830108823791766,1,496.9201346599026,2.2275229603027777
573,72,3.39296293258667,78.8026529196128,17.83164740057135,28,10,1135.016410316457,0.7985917329788208,51,21,2,0.028758681854367137,0.8462307861577909,0.000359757995880435,1,491.0109569448739,0.004298920722315632
546,73,3.392915964126587,78.78540526615768,17.824101552184743,32,30,1151.2951368041395,0.47782760858535767,45,23,2,0.03009274375958627,0.8462260894492775,0.16038907290924218,1,496.9201346599026,2.0295958634495923
571,74,1.344933032989502,78.80211393044232,17.833264368082766,29,10,1135.016410316457,0.7788385152816772,49,22,2,0.029361327463965223,0.5842061412751549,0.0008733572073650825,1,491.0109569448739,0.007355715049327954
569,75,3.3929507732391357,78.80723432756179,17.8297609384747,29,10,1135.016410316457,0.7236255407333374,50,21,2,0.02878838504314994,0.8462295702623399,0.005318527985063932,1,491.0109569448739,0.06361918951727412
568,76,1.8543341159820557,78.81100725175509,17.830569422230404,28,40,1135.016410316457,0.517632007598877,50,22,2,0.029325738173780258,0.6643390891346169,0.11692622647436723,1,491.0109569448739,1.11851516596871
563,77,1.3449000120162964,78.807503822147,17.824910035940448,31,40,1135.016410316457,0.2891509234905243,48,21,2,0.02886624257519492,0.5842004017223463,0.44328749374469295,1,491.0109569448739,3.6705299375803953
550,78,0.9274099469184875,78.78917819035098,17.834881335594176,34,40,1151.2951368041395,0.5402387380599976,45,21,2,0.02902787435560302,0.5034748895187708,0.09536117423041694,1,496.9201346599026,0.6925501604805112
558,79,3.0638210773468018,78.79537656581141,17.84646960275932,33,40,1151.2951368041395,0.44524773955345154,44,23,2,0.0301580557278245,0.8123159716958787,0.20084679212785253,1,496.9201346599026,2.4450054172372004
549,80,0.974277913570404,78.78244082572007,17.845661119003616,32,40,1151.2951368041395,0.2808759808540344,45,23,2,0.03009274375958627,0.5135039997781217,0.45787390459481625,1,496.9201346599026,3.5159128762213427
554,81,2.0943856239318848,78.78594425532816,17.84593061358885,34,40,1151.2951368041395,0.6110729575157166,43,23,2,0.03022918644166058,0.6975157202423634,0.04318108915902459,1,496.9201346599026,0.4524396374765203
554,82,2.157007932662964,78.78621374991337,17.827874476378042,33,40,1151.2951368041395,0.5515784025192261,45,22,2,0.029564222483894002,0.7057920086242881,0.0854273922282011,1,496.9201346599026,0.885782186269574
542,83,2.0943262577056885,78.78271032030534,17.822484584673326,32,40,1151.2951368041395,0.5572835803031921,42,26,2,0.03184961282574046,0.697507804577457,0.08065580151815344,1,496.9201346599026,0.8903800781104356
568,84,0.9274099469184875,78.80480887629466,17.844852635247904,26,40,1135.016410316457,0.3254156708717346,51,23,2,0.029826789585390038,0.5034748895187708,0.38106370784653965,1,491.0109569448739,2.809785055219603
556,85,1.3448879718780518,78.79968847917519,17.821945595502854,31,40,1151.2951368041395,0.18967686593532562,48,21,2,0.02886624257519492,0.5841983089402095,0.6261588534375516,1,496.9201346599026,5.247128163577257
546,86,0.9274099469184875,78.78890869576577,17.822754079258566,33,40,1151.2951368041395,0.3995211720466614,44,23,2,0.0301580557278245,0.5034748895187708,0.2642987202888938,1,496.9201346599026,1.9941728961050083
557,87,1.3448989391326904,78.79591555498189,17.824640541355215,32,40,1151.2951368041395,0.681519627571106,45,23,2,0.03009274375958627,0.584200215237265,0.013845128444882223,1,496.9201346599026,0.12095033711337952
555,88,2.945535659790039,78.78756122283954,17.839462743543187,31,40,1151.2951368041395,0.274988055229187,45,24,2,0.030614290023118454,0.799600012316745,0.46833321403028316,1,496.9201346599026,5.69689922922115
548,89,0.9274099469184875,78.79106465244763,17.8230235738438,33,40,1151.2951368041395,0.2833081781864166,44,23,2,0.0301580557278245,0.5034748895187708,0.4535726953593864,1,496.9201346599026,3.4222730042366787
555,90,2.157158613204956,78.78944768493619,17.842966173151254,32,40,1151.2951368041395,0.2805567681789398,45,23,2,0.03009274375958627,0.7058117484592442,0.45843926276672137,1,496.9201346599026,4.8385927443830195
566,91,0.974271833896637,78.80022746834567,17.84431364607743,30,40,1151.2951368041395,0.4749707281589508,48,22,2,0.029403054202064658,0.5135027177847696,0.1637668649049477,1,496.9201346599026,1.228705551143815
553,92,3.830068349838257,78.78944768493619,17.84593061358885,30,40,1151.2951368041395,0.3078157305717468,44,26,2,0.031703611295929815,0.8883734676678516,0.41090057464530894,1,496.9201346599026,5.750791959760053
558,93,0.9741927981376648,78.79564606039662,17.83003043305993,30,40,1151.2951368041395,0.21461187303066254,47,23,1,0.03127786493244086,0.5134860514347158,0.578965938799085,1,496.9201346599026,4.6206743220497275
547,94,1.3449000120162964,78.78917819035098,17.824910035940448,33,40,1151.2951368041395,0.6496824026107788,46,21,2,0.02896811539631949,0.5842004017223463,0.024499436743914138,1,496.9201346599026,0.20602730761572463
564,95,1.3449517488479614,78.81073775716982,17.83811527061701,28,40,1135.016410316457,0.554127037525177,50,22,1,0.03059547623177808,0.5842093943416063,0.08327702360982,1,491.0109569448739,0.7308733597381145
559,96,2.094374895095825,78.79941898458992,17.841618700225077,32,40,1151.2951368041395,0.645781934261322,47,21,2,0.028914216017125644,0.6975142897104438,0.02608905495677702,1,496.9201346599026,0.26146253792717744
558,97,2.094383478164673,78.79510707122614,17.845122129833143,33,40,1151.2951368041395,0.4648187756538391,44,23,2,0.0301580557278245,0.6975154341363301,0.1760386195225428,1,496.9201346599026,1.8401435750759323
547,98,0.9274099469184875,78.78324930947576,17.83164740057135,32,40,1151.2951368041395,0.47365590929985046,45,23,2,0.03009274375958627,0.5034748895187708,0.1653326661805262,1,496.9201346599026,1.2447578274310682
552,99,1.3449275493621826,78.78998667410667,17.83191689515658,35,40,1151.2951368041395,0.4583277106285095,44,21,2,0.029093435025731893,0.5842051881422674,0.18410125659496637,1,496.9201346599026,1.5549046324376659
567,100,2.9455342292785645,78.80992927341413,17.838654259787482,28,40,1135.016410316457,0.33433279395103455,50,22,1,0.03059547623177808,0.7995998567110888,0.3662261187247963,1,491.0109569448739,4.3991667386908935
563,101,0.9741594195365906,78.80480887629466,17.82383205759951,31,40,1135.016410316457,0.2783688008785248,46,23,2,0.03003330628227257,0.5134790126120362,0.462319625663866,1,491.0109569448739,3.5007359611797595
550,102,1.9479016065597534,78.78297981489055,17.837306786861298,31,40,1151.2951368041395,0.18735578656196594,46,23,2,0.03003330628227257,0.6775599015454788,0.630588586105959,1,496.9201346599026,6.376517283218833
549,103,2.1570382118225098,78.78513577157241,17.830838916815637,33,30,1151.2951368041395,0.40364211797714233,45,22,2,0.029564222483894002,0.7057959753978011,0.25828519528143373,1,496.9201346599026,2.678130571829556
565,104,0.9741882681846619,78.80885129507317,17.829221949304227,29,40,1135.016410316457,0.5991213917732239,50,21,2,0.02878838504314994,0.5134850961744036,0.05033566195964101,1,491.0109569448739,0.3653525252044338
562,105,3.063868999481201,78.80561736005035,17.849434043196915,29,40,1135.016410316457,0.5132135152816772,48,23,2,0.029932318980145325,0.8123210636434607,0.12141054976708639,1,491.0109569448739,1.4494915524801608
562,106,1.3448967933654785,78.80292241419801,17.824101552184743,32,30,1135.016410316457,0.6148563027381897,46,22,1,0.030782057082840122,0.5841998422668349,0.041053999782464615,1,491.0109569448739,0.36249809934010924
551,107,1.8543341159820557,78.78432728781672,17.83622880852036,31,30,1151.2951368041395,0.48813650012016296,46,23,2,0.03003330628227257,0.6643390891346169,0.14848197761194545,1,496.9201346599026,1.4721541556969744
542,108,0.0,78.78405779323151,17.822754079258566,35,40,1151.2951368041395,0.47856512665748596,42,23,2,0.0303060877726832,0.16531147321376102,0.15952253488618193,1,496.9201346599026,0.3971380594134682
567,109,1.9478894472122192,78.80831230590275,17.83622880852036,29,40,1135.016410316457,0.3177177906036377,48,23,2,0.029932318980145325,0.6775582084305124,0.3940260160367396,1,491.0109569448739,3.923765613485243
547,110,0.9742201566696167,78.78378829864624,17.834881335594176,35,40,1151.2951368041395,0.30762436985969543,43,22,2,0.029700982967947452,0.5134918206476234,0.4112288433225835,1,496.9201346599026,3.116552988754866
553,111,3.8911170959472656,78.78917819035098,17.828413465548515,32,40,1151.2951368041395,0.25221800804138184,45,23,2,0.03009274375958627,0.8940277968183334,0.5093721913001213,1,496.9201346599026,6.809804352226433
551,112,2.094388961791992,78.79214263078859,17.847278086515026,34,30,1151.2951368041395,0.6171428561210632,45,21,2,0.02902787435560302,0.6975161652958449,0.03980030978922791,1,496.9201346599026,0.40044470769105794
571,113,1.3449418544769287,78.81073775716982,17.835420324764648,27,40,1135.016410316457,0.24235808849334717,50,23,2,0.02985571290986813,0.5842076745710014,0.5274139858589072,1,491.0109569448739,4.516869357226022
555,114,1.3449153900146484,78.79349010371476,17.828952454718987,32,40,1151.2951368041395,0.17483338713645935,46,22,2,0.02950457576222098,0.5842030746653856,0.6545855869552795,1,496.9201346599026,5.606686144922219
551,115,3.0637691020965576,78.78459678240199,17.842966173151254,34,40,1151.2951368041395,0.257673442363739,44,22,2,0.029629709159312897,0.8123104490324551,0.49945786152828825,1,496.9201346599026,5.973582635660445
569,116,0.9274099469184875,78.80453938170945,17.843505162321726,27,30,1135.016410316457,0.1774340122938156,51,22,2,0.02929638550757629,0.5034748895187708,0.6495887074770887,1,491.0109569448739,4.704587031908086
561,117,0.9274099469184875,78.79807151166375,17.834342346423703,31,30,1151.2951368041395,0.23851752281188965,47,22,2,0.029450829852146646,0.5034748895187708,0.5344828101572695,1,496.9201346599026,3.9381811427644493
557,118,2.920196771621704,78.79834100624902,17.821945595502854,31,40,1151.2951368041395,0.2922634780406952,48,21,2,0.02886624257519492,0.7968366479565405,0.4378362035624272,1,496.9201346599026,5.004466891398911
554,119,1.9479289054870605,78.78917819035098,17.839732238128427,33,40,1151.2951368041395,0.1862509697675705,44,23,2,0.0301580557278245,0.6775637027315414,0.6326991631813705,1,496.9201346599026,6.424470309197956
547,120,1.9479624032974243,78.78244082572007,17.84269667856602,33,40,1151.2951368041395,0.3066284954547882,43,24,2,0.030750211314657515,0.6775683670254856,0.41293851057235176,1,496.9201346599026,4.275365103646525
555,121,0.9274099469184875,78.79402909288524,17.839732238128427,31,40,1151.2951368041395,0.6037710905075073,47,22,2,0.029450829852146646,0.5034748895187708,0.04747332659148083,1,496.9201346599026,0.3497934003001071
560,122,0.0,78.80130544668657,17.840540721884132,33,40,1135.016410316457,0.6227920055389404,46,21,2,0.02896811539631949,0.16531147321376102,0.03680525809077937,1,491.0109569448739,0.08654147423087034
560,123,2.0943763256073,78.79780201707854,17.84215768939555,32,40,1151.2951368041395,0.5371561646461487,46,22,2,0.02950457576222098,0.6975144804482862,0.09816437694663033,1,496.9201346599026,1.0038830260845188
548,124,0.0,78.78810021201002,17.847008591929793,33,40,1151.2951368041395,0.3776126503944397,43,24,2,0.030750211314657515,0.16531147321376102,0.2971753462821652,1,496.9201346599026,0.7506724415613553
549,125,2.094329833984375,78.79052566327715,17.82383205759951,33,40,1151.2951368041395,0.523507833480835,44,23,2,0.0301580557278245,0.6975082814285376,0.11109820089283948,1,496.9201346599026,1.1613050859175766
564,126,1.3449572324752808,78.80885129507317,17.839462743543187,30,40,1135.016410316457,0.6427406072616577,47,23,2,0.0299798071680585,0.5842103474642192,0.027373679815982745,1,491.0109569448739,0.2354086661809213
547,127,0.9741730690002441,78.78378829864624,17.826257508866632,34,40,1151.2951368041395,0.5380663275718689,44,22,2,0.029629709159312897,0.5134818910052137,0.09733215059985033,1,496.9201346599026,0.7358604032530027
560,128,2.0943784713745117,78.7999579737604,17.842966173151254,31,40,1151.2951368041395,0.5024899244308472,46,23,2,0.03003330628227257,0.6975147665549039,0.13265293304618,1,496.9201346599026,1.3808929184706547
553,129,0.9274099469184875,78.79214263078859,17.83407285183847,34,30,1151.2951368041395,0.24720609188079834,45,21,2,0.02902787435560302,0.5034748895187708,0.5185236501895384,1,496.9201346599026,3.7657216372359175
561,130,2.0943262577056885,78.80588685463562,17.822484584673326,30,40,1135.016410316457,0.2333180010318756,47,23,2,0.0299798071680585,0.697507804577457,0.5440884340123787,1,491.0109569448739,5.586484318472754
568,131,0.9274099469184875,78.80723432756179,17.83407285183847,27,40,1135.016410316457,0.24474579095840454,51,22,2,0.02929638550757629,0.5034748895187708,0.5230307609513029,1,491.0109569448739,3.7880026344936195
575,132,2.945544719696045,78.80992927341413,17.84431364607743,25,40,1135.016410316457,0.29849544167518616,52,23,2,0.029804267931483427,0.7996009978181892,0.4269813370555787,1,491.0109569448739,4.996338600412485
557,133,2.9455370903015137,78.78810021201002,17.840271227298892,31,40,1151.2951368041395,0.2284168154001236,45,24,2,0.030614290023118454,0.7996001679223563,0.553179311537261,1,496.9201346599026,6.728985500890159
563,134,2.1571614742279053,78.80184443585705,17.843235667736487,30,40,1135.016410316457,0.2458028644323349,48,22,2,0.029403054202064658,0.7058121232582638,0.5210930960954363,1,491.0109569448739,5.309921014951926
551,135,0.9274099469184875,78.78567476074289,17.8440441514922,34,40,1151.2951368041395,0.33683377504348755,44,22,2,0.029629709159312897,0.5034748895187708,0.3620999020797405,1,496.9201346599026,2.68423296378142
564,136,1.3449572324752808,78.80885129507317,17.839462743543187,30,40,1135.016410316457,0.6293320059776306,47,23,2,0.0299798071680585,0.5842103474642192,0.03351828623259291,1,491.0109569448739,0.2882511634434326
559,137,4.946815013885498,78.79807151166375,17.837576281446538,31,40,1151.2951368041395,0.47044336795806885,47,22,2,0.029450829852146646,0.9845020189626462,0.16918807451593568,1,496.9201346599026,2.4376451756567397
552,138,2.157109260559082,78.78810021201002,17.83811527061701,32,40,1151.2951368041395,0.5619900226593018,45,23,2,0.03009274375958627,0.7058052831293856,0.07683415332814231,1,496.9201346599026,0.8109378963647723
564,139,0.9742231965065002,78.79941898458992,17.835420324764648,31,40,1151.2951368041395,0.5643364191055298,47,22,2,0.029450829852146646,0.5134924616652838,0.07496768223413151,1,496.9201346599026,0.5633681457321716
543,140,2.156964063644409,78.78324930947576,17.823293068429038,35,40,1151.2951368041395,0.2315215766429901,42,23,2,0.0303060877726832,0.7057862614288153,0.5474164571586467,1,496.9201346599026,5.81845286996064
548,141,2.094379186630249,78.78217133113486,17.843235667736487,33,40,1151.2951368041395,0.30989497900009155,43,24,2,0.030750211314657515,0.6975148619237375,0.40733895789814156,1,496.9201346599026,4.341543055887517
552,142,1.8543341159820557,78.78810021201002,17.828143970963282,34,40,1151.2951368041395,0.38333335518836975,44,22,2,0.029629709159312897,0.6643390891346169,0.2884471616929362,1,496.9201346599026,2.821435064143271
566,143,3.704791784286499,78.80400039253897,17.843235667736487,27,30,1135.016410316457,0.3917461633682251,51,22,2,0.02929638550757629,0.8766006888617621,0.2757940409450857,1,491.0109569448739,3.4776983648973787
554,144,0.9742079973220825,78.79079515786242,17.832725378912293,35,40,1151.2951368041395,0.25069519877433777,44,21,2,0.029093435025731893,0.5134892565649898,0.5121484380660153,1,496.9201346599026,3.8019710815260135
551,145,2.094362258911133,78.78944768493619,17.836767797690833,31,40,1151.2951368041395,0.760688066482544,46,23,2,0.03003330628227257,0.6975126048561197,0.0017340540640630937,1,496.9201346599026,0.018051131635684274
546,146,3.0638644695281982,78.78998667410667,17.849164548611675,32,40,1151.2951368041395,0.5733808875083923,46,22,2,0.02950457576222098,0.8123205823171118,0.06801530646880537,1,496.9201346599026,0.8100467526343926
552,147,2.7802884578704834,78.79214263078859,17.84835606485597,34,40,1151.2951368041395,0.48654705286026,45,21,2,0.02902787435560302,0.781315268995993,0.15028883628465284,1,496.9201346599026,1.6937716605284514
549,148,2.7802884578704834,78.78432728781672,17.846739097344553,32,40,1151.2951368041395,0.1834699809551239,45,23,2,0.03009274375958627,0.781315268995993,0.6380175854986215,1,496.9201346599026,7.454308156456872
555,149,2.688297748565674,78.79861050083423,17.822215090088093,31,40,1151.2951368041395,0.30404049158096313,48,21,2,0.02886624257519492,0.770854537796352,0.41739160171618944,1,496.9201346599026,4.615226194259046
546,150,0.9742140769958496,78.78513577157241,17.833803357253238,33,30,1151.2951368041395,0.4025604724884033,45,22,2,0.029564222483894002,0.513490538608705,0.25985820956872946,1,496.9201346599026,1.9602973092445133
562,151,2.0943939685821533,78.80238342502753,17.849164548611675,30,40,1135.016410316457,0.49196937680244446,47,23,2,0.0299798071680585,0.697516832875272,0.14416878351199935,1,491.0109569448739,1.4802870686608696
554,152,0.9274099469184875,78.78998667410667,17.83784577603177,31,40,1151.2951368041395,0.3513513207435608,46,23,2,0.03003330628227257,0.5034748895187708,0.33846547435118907,1,496.9201346599026,2.5432082812215366
559,153,2.7802884578704834,78.79429858747045,17.840810216469364,31,40,1151.2951368041395,0.31188657879829407,46,23,2,0.03003330628227257,0.781315268995993,0.40393650086016203,1,496.9201346599026,4.71008939664445
547,154,1.8543341159820557,78.78890869576577,17.821945595502854,34,10,1151.2951368041395,0.7359821796417236,43,23,2,0.03022918644166058,0.6643390891346169,0.0037905420979502348,1,496.9201346599026,0.03782719902030844
552,155,2.094386339187622,78.78917819035098,17.84620010817408,30,40,1151.2951368041395,0.2720421850681305,44,26,2,0.031703611295929815,0.6975158156110024,0.4735906442154112,1,496.9201346599026,5.204182315192767
553,156,0.0,78.79726302790806,17.84000173271366,31,30,1151.2951368041395,0.5323265790939331,47,22,2,0.029450829852146646,0.16531147321376102,0.10264401043470259,1,496.9201346599026,0.2483251687441283
556,157,0.974194347858429,78.79187313620332,17.83029992764517,31,40,1151.2951368041395,0.5521692037582397,46,23,2,0.03003330628227257,0.5134863782336849,0.08492621537789989,1,496.9201346599026,0.6508193206685918
558,158,1.3449451923370361,78.79591555498189,17.836498303105593,30,30,1151.2951368041395,0.3688318729400635,47,23,2,0.0299798071680585,0.5842082547354263,0.31076203677355596,1,496.9201346599026,2.7046500329415375
551,159,1.3449770212173462,78.78621374991337,17.84431364607743,34,40,1151.2951368041395,0.3642960786819458,44,22,2,0.029629709159312897,0.5842137869742876,0.3178681170072197,1,496.9201346599026,2.7342155807462114
563,160,1.3449583053588867,78.80669533839131,17.839732238128427,29,40,1135.016410316457,0.4434540271759033,50,21,2,0.02878838504314994,0.5842105339444581,0.20319411663520204,1,491.0109569448739,1.677988572384583
550,161,0.9274099469184875,78.7848662769872,17.846739097344553,34,40,1151.2951368041395,0.5208333730697632,43,23,2,0.03022918644166058,0.5034748895187708,0.1137316685646761,1,496.9201346599026,0.8601462087225453
570,162,1.3449902534484863,78.81100725175509,17.847817075685498,30,30,1135.016410316457,0.31855306029319763,48,22,1,0.030676139869013505,0.5842160868707319,0.39261280981762664,1,491.0109569448739,3.454855356105012
565,163,2.157027244567871,78.79914949000471,17.8297609384747,30,30,1151.2951368041395,0.31977295875549316,48,22,1,0.030676139869013505,0.7057945386175386,0.39055175391395375,1,496.9201346599026,4.201885264671161
547,164,1.8543341159820557,78.78890869576577,17.821945595502854,34,10,1151.2951368041395,0.4629848003387451,43,23,2,0.03022918644166058,0.6643390891346169,0.17829971176369142,1,496.9201346599026,1.7793177091466597
549,165,3.704791784286499,78.78675273908385,17.826796498037105,32,40,1151.2951368041395,0.2674199640750885,46,22,2,0.02950457576222098,0.8766006888617621,0.4818718231811124,1,496.9201346599026,6.193117338811028
574,166,4.8601531982421875,78.8104682625846,17.845122129833143,26,40,1135.016410316457,0.3252752423286438,51,23,2,0.029826789585390038,0.9775326768803354,0.381298916924201,1,491.0109569448739,5.458766900917916
558,167,0.9274099469184875,78.78729172825433,17.841079711054604,34,40,1151.2951368041395,0.41076409816741943,43,23,2,0.03022918644166058,0.5034748895187708,0.2480248568395893,1,496.9201346599026,1.875798033844949
554,168,1.3449969291687012,78.79429858747045,17.849434043196915,31,30,1151.2951368041395,-0.16809816658496857,47,22,2,0.029450829852146646,0.584217247173703,1.333510763764825,1,496.9201346599026,11.40131725116445
565,169,0.9274099469184875,78.80346140336849,17.84215768939555,29,40,1135.016410316457,0.32685884833335876,48,23,2,0.029932318980145325,0.5034748895187708,0.3786492178993451,1,491.0109569448739,2.801859977354673
561,170,0.9742809534072876,78.79914949000471,17.84620010817408,31,40,1151.2951368041395,0.6388340592384338,46,23,2,0.03003330628227257,0.5135046407729992,0.02908243985001135,1,496.9201346599026,0.2228768446871342
558,171,1.9479806423187256,78.79537656581141,17.84431364607743,33,40,1151.2951368041395,0.47965511679649353,45,22,2,0.029564222483894002,0.6775709066386703,0.15824597928814713,1,496.9201346599026,1.5752173640332086
569,172,3.457667112350464,78.80912078965844,17.834881335594176,27,30,1135.016410316457,0.2868877649307251,51,22,2,0.02929638550757629,0.8526646898494331,0.4472633946042987,1,491.0109569448739,5.485887024526438
561,173,0.974249005317688,78.8026529196128,17.840271227298892,29,40,1135.016410316457,0.6662044525146484,49,22,2,0.029361327463965223,0.5134979039826013,0.018468445239021025,1,491.0109569448739,0.13672120628355394
563,174,0.974238395690918,78.80831230590275,17.838384765202242,30,40,1135.016410316457,0.3776100277900696,47,23,2,0.0299798071680585,0.513495666735599,0.297179370256021,1,491.0109569448739,2.2463398407825217
562,175,2.1572134494781494,78.80319190878322,17.84862555944121,30,40,1135.016410316457,0.28070172667503357,46,24,2,0.030555158406844272,0.7058189320553916,0.4581825022272583,1,491.0109569448739,4.851851790082398
568,176,2.9455506801605225,78.8101987679994,17.847817075685498,30,40,1135.016410316457,0.28806251287460327,48,22,1,0.030676139869013505,0.7996016461734176,0.44519832940291976,1,491.0109569448739,5.361904793743535
554,177,1.344999074935913,78.79645454415237,17.849973032367387,33,40,1151.2951368041395,0.7168864011764526,46,21,2,0.02896811539631949,0.5842176201274968,0.006318318711844208,1,496.9201346599026,0.05313528524865088
565,178,4.946933746337891,78.80696483297652,17.84188819481031,26,40,1135.016410316457,0.48407310247421265,50,24,2,0.03037916175238822,0.9845115179583587,0.15312232239357418,1,491.0109569448739,2.2486728616224676
547,179,1.3448978662490845,78.78810021201002,17.824371046769983,33,40,1151.2951368041395,0.46559518575668335,44,23,2,0.0301580557278245,0.5842000287520944,0.17508542956862452,1,496.9201346599026,1.5328565489456372
554,180,1.3449077606201172,78.79295111454428,17.827065992622337,32,50,1151.2951368041395,0.2568022906780243,46,22,2,0.02950457576222098,0.5842017485563991,0.5010376873959979,1,496.9201346599026,4.291500973053295
573,181,2.688455820083618,78.8104682625846,17.84215768939555,26,30,1135.016410316457,0.3709774613380432,51,23,2,0.029826789585390038,0.770872694568248,0.3074212544436046,1,491.0109569448739,3.4706773935829447
550,182,5.592419624328613,78.78594425532816,17.837037292276065,35,40,1151.2951368041395,0.4370594322681427,44,21,2,0.029093435025731893,1.0518894781775059,0.21166024415009269,1,496.9201346599026,3.218777811317358
543,183,0.0,78.78540526615768,17.822484584673326,36,40,1151.2951368041395,0.40150022506713867,41,23,2,0.030388718747913178,0.16531147321376102,0.2614038344862414,1,496.9201346599026,0.6525502104130546
560,184,0.9274099469184875,78.80561736005035,17.821945595502854,30,40,1135.016410316457,0.27643314003944397,47,23,2,0.0299798071680585,0.5034748895187708,0.46576010213341706,1,491.0109569448739,3.4519151920244395
552,185,0.9741488099098206,78.79564606039662,17.821945595502854,33,40,1151.2951368041395,0.6850292086601257,45,22,2,0.029564222483894002,0.5134767752416854,0.012909456944723834,1,496.9201346599026,0.09738270518375722
573,186,2.688365936279297,78.80588685463562,17.830838916815637,30,10,1135.016410316457,0.7908545732498169,49,21,2,0.028824270516558635,0.7708623702074259,0.0005194582902779995,1,491.0109569448739,0.005667310877919463
554,187,3.3929402828216553,78.79106465244763,17.828143970963282,32,40,1151.2951368041395,0.2819846272468567,45,23,2,0.03009274375958627,0.8462285212524185,0.45591190346834626,1,496.9201346599026,5.769218287003446
568,188,2.094351053237915,78.80049696293088,17.83218638974182,29,10,1135.016410316457,0.6414496302604675,49,22,2,0.029361327463965223,0.6975111107349363,0.027931035108545887,1,491.0109569448739,0.28086979086830904
551,189,2.094338893890381,78.78971717952146,17.82760498179281,32,40,1151.2951368041395,0.40906763076782227,45,23,2,0.03009274375958627,0.6975094894490965,0.25045348707410764,1,496.9201346599026,2.6123152431369556
552,190,0.9274099469184875,78.78621374991337,17.832994873497526,33,40,1151.2951368041395,0.5417684316635132,45,22,2,0.029564222483894002,0.5034748895187708,0.09398637548580004,1,496.9201346599026,0.6951776051836519
559,191,2.920506000518799,78.78836970659529,17.840810216469364,34,40,1151.2951368041395,0.20108576118946075,43,23,2,0.03022918644166058,0.7968704572348316,0.6044733989354232,1,496.9201346599026,7.235657033472932
561,192,0.9274099469184875,78.80211393044232,17.824371046769983,30,40,1135.016410316457,0.6003917455673218,47,23,2,0.0299798071680585,0.5034748895187708,0.04954362818779649,1,491.0109569448739,0.36718560054007404
561,193,3.704791784286499,78.80049696293088,17.845391624418376,32,40,1135.016410316457,0.5090844631195068,46,22,2,0.02950457576222098,0.8766006888617621,0.12567946028490906,1,491.0109569448739,1.5960506617373578
575,194,0.9742079973220825,78.80426988712418,17.832725378912293,28,30,1135.016410316457,0.5370669960975647,51,21,2,0.028758681854367137,0.5134892565649898,0.09824611489410641,1,491.0109569448739,0.7123721079590687
568,195,1.3449738025665283,78.80346140336849,17.843505162321726,27,40,1135.016410316457,0.5418024063110352,51,22,2,0.02929638550757629,0.5842132275379677,0.09395596371038509,1,491.0109569448739,0.7895887696804815
557,196,2.920419454574585,78.79645454415237,17.835689819349888,30,30,1151.2951368041395,0.3247385323047638,46,24,2,0.030555158406844272,0.7968609950226325,0.3821983075440834,1,496.9201346599026,4.624262325067017
556,197,1.9477710723876953,78.79564606039662,17.825179530525688,31,50,1151.2951368041395,0.2687569856643677,46,23,2,0.03003330628227257,0.6775417251279782,0.47947243979339016,1,496.9201346599026,4.848299428176958
570,198,2.6884713172912598,78.80912078965844,17.8440441514922,25,40,1135.016410316457,0.34951454401016235,52,23,2,0.029804267931483427,0.7708744746096494,0.3414251597901462,1,491.0109569448739,3.8516678563670776
550,199,4.30814266204834,78.78244082572007,17.839193248957955,32,40,1151.2951368041395,0.2270353138446808,45,23,1,0.03139569142264923,0.9313175580020486,0.5557479990438656,1,496.9201346599026,8.074810602162984
565,200,1.344934105873108,78.79968847917519,17.833533862668,30,30,1151.2951368041395,0.5243210792541504,47,23,2,0.0299798071680585,0.584206327757404,0.110303814403787,1,496.9201346599026,0.9600021750496502
556,201,2.94551420211792,78.79187313620332,17.82760498179281,32,10,1151.2951368041395,0.2897767424583435,46,22,2,0.02950457576222098,0.7995976782271739,0.44218986955588735,1,496.9201346599026,5.183896021219465
565,202,1.9478105306625366,78.8104682625846,17.828952454718987,28,40,1135.016410316457,0.4679601788520813,51,21,2,0.028758681854367137,0.677547219628733,0.17219682592904345,1,491.0109569448739,1.6474978986565896
560,203,1.3448890447616577,78.80184443585705,17.822215090088093,31,40,1135.016410316457,0.35010576248168945,48,21,2,0.02886624257519492,0.584198495426202,0.3404715163893782,1,491.0109569448739,2.819179050889845
552,204,0.0,78.79322060912949,17.824101552184743,31,40,1151.2951368041395,0.5971978902816772,45,24,2,0.030614290023118454,0.16531147321376102,0.05154926683948725,1,496.9201346599026,0.12963918005039005
554,205,2.9204695224761963,78.79133414703284,17.838654259787482,33,40,1151.2951368041395,0.19878694415092468,44,23,2,0.0301580557278245,0.7968664690500596,0.6088307650249855,1,496.9201346599026,7.270630536842347
556,206,1.3449583053588867,78.79456808205572,17.839732238128427,31,30,1151.2951368041395,0.37987789511680603,47,22,2,0.029450829852146646,0.5842105339444581,0.2937073911216992,1,496.9201346599026,2.5111253368888775
548,207,2.1570708751678467,78.78459678240199,17.83407285183847,33,40,1151.2951368041395,0.6440295577049255,45,22,2,0.029564222483894002,0.7058002544783677,0.026824382451559974,1,496.9201346599026,0.278140735787915
552,208,1.8543341159820557,78.79295111454428,17.82167610091762,31,40,1151.2951368041395,0.26982206106185913,47,22,2,0.029450829852146646,0.6643390891346169,0.4775633887696958,1,496.9201346599026,4.6430671307691735
553,209,0.9742977023124695,78.79483757664093,17.849164548611675,32,30,1151.2951368041395,0.19960516691207886,46,22,2,0.02950457576222098,0.5135081725075852,0.6072791218835264,1,496.9201346599026,4.572057450399733
551,210,1.9478166103363037,78.78729172825433,17.82949144388946,34,40,1151.2951368041395,0.28389278054237366,45,21,2,0.02902787435560302,0.6775480662075221,0.45254057020846133,1,496.9201346599026,4.422821974433443
560,211,3.457602024078369,78.79591555498189,17.83029992764517,30,40,1151.2951368041395,0.1662381887435913,47,23,1,0.03127786493244086,0.8526582538618783,0.6711473169452987,1,496.9201346599026,8.894397874855862
559,212,2.6884515285491943,78.79160364161811,17.841618700225077,31,40,1151.2951368041395,0.6397443413734436,46,23,2,0.03003330628227257,0.770872201632624,0.028678343979098398,1,496.9201346599026,0.32993333257506074
551,213,3.8300552368164062,78.78810021201002,17.836498303105593,32,40,1151.2951368041395,0.30138713121414185,45,23,2,0.03009274375958627,0.8883722474234469,0.4219721936626442,1,496.9201346599026,5.60566574100734
567,214,2.157027244567871,78.80103595210136,17.8297609384747,30,30,1135.016410316457,0.6189386248588562,48,22,2,0.029403054202064658,0.7057945386175386,0.038832476724986735,1,491.0109569448739,0.3956917651702938
570,215,2.1570682525634766,78.80669533839131,17.833803357253238,29,40,1135.016410316457,0.25087353587150574,48,23,2,0.029932318980145325,0.7057999109039859,0.5118231142071457,1,491.0109569448739,5.3092483706318045
555,216,2.920214891433716,78.79672403873758,17.8230235738438,32,40,1151.2951368041395,0.6269605755805969,45,23,2,0.03009274375958627,0.7968386291296014,0.03468792542911704,1,496.9201346599026,0.41333015212762
565,217,0.9742596745491028,78.80561736005035,17.84215768939555,29,40,1135.016410316457,0.584196150302887,48,23,2,0.029932318980145325,0.5135001537836767,0.06020738397245757,1,491.0109569448739,0.45438280025191874
567,218,1.3449925184249878,78.80723432756179,17.84835606485597,29,40,1135.016410316457,0.4613138735294342,47,24,1,0.031822666787449265,0.5842164805453409,0.18037141068733492,1,491.0109569448739,1.646528532440382
558,219,0.9274099469184875,78.79591555498189,17.841079711054604,32,40,1151.2951368041395,0.4254859685897827,46,22,2,0.02950457576222098,0.5034748895187708,0.22736399290207207,1,496.9201346599026,1.678322711299765
545,220,0.9742931127548218,78.78621374991337,17.84835606485597,33,40,1151.2951368041395,0.6057891249656677,43,24,2,0.030750211314657515,0.5135072047405185,0.04626235323552734,1,496.9201346599026,0.3630019520588206
562,221,2.1571450233459473,78.80669533839131,17.841618700225077,29,40,1135.016410316457,0.6374655365943909,48,23,2,0.029932318980145325,0.7058099681598434,0.02969677286088435,1,491.0109569448739,0.30805523475359137
550,222,0.9274099469184875,78.79214263078859,17.822215090088093,31,50,1151.2951368041395,0.28221264481544495,47,22,2,0.029450829852146646,0.5034748895187708,0.45550866907900306,1,496.9201346599026,3.3562831523147034
555,223,0.9741927981376648,78.79295111454428,17.83003043305993,31,40,1151.2951368041395,0.4885145425796509,46,23,2,0.03003330628227257,0.5134860514347158,0.14805379412293249,1,496.9201346599026,1.134587335142122
542,224,1.3448913097381592,78.78378829864624,17.822754079258566,35,40,1151.2951368041395,0.5049231052398682,42,23,2,0.0303060877726832,0.5841988891185602,0.1300577768947531,1,496.9201346599026,1.1442305107783959
564,225,3.457571268081665,78.80157494127184,17.828143970963282,31,40,1135.016410316457,0.22414757311344147,48,21,2,0.02886624257519492,0.8526552126559013,0.5611259921789539,1,491.0109569448739,6.781336233253954
572,226,2.9455487728118896,78.80804281131748,17.846739097344553,23,40,1135.016410316457,0.2741895318031311,54,23,2,0.029778950906015168,0.7996014386998295,0.46975673353081837,1,491.0109569448739,5.4922102989418065
552,227,4.6273674964904785,78.79187313620332,17.837306786861298,32,40,1151.2951368041395,0.37541720271110535,45,23,2,0.03009274375958627,0.9584419515340706,0.3005510954405309,1,496.9201346599026,4.307571663127239
546,228,1.9478833675384521,78.7848662769872,17.835420324764648,33,40,1151.2951368041395,0.5853455662727356,45,22,2,0.029564222483894002,0.6775573618706585,0.05940995846555702,1,496.9201346599026,0.5913687528677283
560,229,1.3448967933654785,78.81073775716982,17.824101552184743,33,40,1135.016410316457,0.7085059285163879,45,22,2,0.029564222483894002,0.5841998422668349,0.007741165605181956,1,491.0109569448739,0.06564859549894513
551,230,2.1571176052093506,78.78459678240199,17.838923754372715,33,40,1151.2951368041395,0.3023032546043396,45,22,1,0.030844286372498107,0.7058063763073118,0.42038894727457227,1,496.9201346599026,4.547766807332414
558,231,1.9479806423187256,78.79537656581141,17.84458314066267,33,40,1151.2951368041395,0.41814863681793213,45,22,2,0.029564222483894002,0.6775709066386703,0.23756738511698086,1,496.9201346599026,2.364801127002551
555,232,1.9478530883789062,78.79133414703284,17.832725378912293,32,40,1151.2951368041395,0.27039849758148193,47,21,2,0.028914216017125644,0.6775531456470649,0.47653103571112226,1,496.9201346599026,4.639087587771901
549,233,1.3449891805648804,78.78297981489055,17.847547581100265,34,40,1151.2951368041395,0.294070839881897,43,23,2,0.03022918644166058,0.5842159003931467,0.4346798625559834,1,496.9201346599026,3.814660982723576
551,234,1.8543341159820557,78.79025616869194,17.82571851969616,33,40,1151.2951368041395,0.6496350169181824,46,21,2,0.02896811539631949,0.6643390891346169,0.024518360980042658,1,496.9201346599026,0.23447042875975244
551,235,1.9478591680526733,78.7886392011805,17.833264368082766,35,40,1151.2951368041395,0.28385066986083984,43,22,2,0.029700982967947452,0.6775539922147903,0.4526148950180239,1,496.9201346599026,4.526162764395157
554,236,1.9477529525756836,78.79780201707854,17.82356256301427,32,40,1151.2951368041395,0.2493606060743332,45,23,2,0.03009274375958627,0.6775392019512458,0.5145846531133423,1,496.9201346599026,5.213623185622212
556,237,2.94551420211792,78.79645454415237,17.82760498179281,29,30,1151.2951368041395,0.32591959834098816,48,23,2,0.029932318980145325,0.7995976782271739,0.3802200497669424,1,496.9201346599026,4.52203060919672
549,238,2.9205331802368164,78.78271032030534,17.84242718398078,33,40,1151.2951368041395,0.34374210238456726,44,23,2,0.0301580557278245,0.7968734288041888,0.3507847920545033,1,496.9201346599026,4.189093328824152
557,239,1.8543341159820557,78.79591555498189,17.828682960133754,29,40,1151.2951368041395,0.19638456404209137,48,23,2,0.029932318980145325,0.6643390891346169,0.6133910654774104,1,496.9201346599026,6.061138549627077
560,240,2.1571450233459473,78.79268161995907,17.841618700225077,31,30,1151.2951368041395,0.4238502085208893,46,23,2,0.03003330628227257,0.7058099681598434,0.22962230100447856,1,496.9201346599026,2.418753392842722
559,241,1.9479684829711914,78.79807151166375,17.843235667736487,31,40,1151.2951368041395,0.6707139611244202,46,23,2,0.03003330628227257,0.6775692135647942,0.017013523956002728,1,496.9201346599026,0.17204326708688106
568,242,3.393061876296997,78.80696483297652,17.847547581100265,29,40,1135.016410316457,0.2196364551782608,47,24,1,0.031822666787449265,0.8462406801127275,0.5695503802706396,1,491.0109569448739,7.531019979754238
560,243,1.3448967933654785,78.80858180048796,17.824101552184743,32,40,1135.016410316457,0.2550537586212158,47,21,1,0.030166136097587237,0.5841998422668349,0.5042124921254424,1,491.0109569448739,4.363006965617012
559,244,3.4578359127044678,78.79780201707854,17.847278086515026,32,40,1151.2951368041395,0.63693767786026,47,21,2,0.028914216017125644,0.8526813806465797,0.0299359222868192,1,496.9201346599026,0.3667561777822573
556,245,0.9742885828018188,78.7961850495671,17.847547581100265,32,40,1151.2951368041395,0.4632529318332672,46,22,2,0.02950457576222098,0.513506249539175,0.1779682997295489,1,496.9201346599026,1.3398752144532768
554,246,3.457728624343872,78.78810021201002,17.839462743543187,31,40,1151.2951368041395,0.32161325216293335,45,24,2,0.030614290023118454,0.8526707721451376,0.387449098158671,1,496.9201346599026,5.025818692026603
564,247,1.344984769821167,78.80157494127184,17.84646960275932,32,40,1135.016410316457,0.6594712138175964,46,22,2,0.02950457576222098,0.5842151337621386,0.020791342652917197,1,491.0109569448739,0.1759688909113942
553,248,1.9477802515029907,78.79187313620332,17.825988014281393,34,40,1151.2951368041395,0.5832640528678894,44,22,2,0.029629709159312897,0.6775430033108335,0.06085860710051516,1,496.9201346599026,0.6071176459478531
545,249,0.0,78.78351880406103,17.832455884327054,32,40,1151.2951368041395,0.37420716881752014,45,23,2,0.03009274375958627,0.16531147321376102,0.3024177778676915,1,496.9201346599026,0.7475817580676196
555,250,1.9479167461395264,78.79268161995907,17.838654259787482,33,30,1151.2951368041395,0.25792810320854187,44,23,2,0.0301580557278245,0.677562009630768,0.49899627908251754,1,496.9201346599026,5.066829474856096
561,251,2.157224655151367,78.80130544668657,17.849703537782148,31,40,1135.016410316457,0.6225156188011169,47,22,2,0.029450829852146646,0.7058203999942165,0.03694841768174105,1,491.0109569448739,0.37711931041491903
572,252,2.7802884578704834,78.81073775716982,17.84593061358885,26,40,1135.016410316457,0.3827410936355591,51,23,2,0.029826789585390038,0.781315268995993,0.2893461786823608,1,491.0109569448739,3.3108671650173784
563,253,1.947834849357605,78.79887999541944,17.831108411400876,30,30,1151.2951368041395,0.3264569938182831,48,22,1,0.030676139869013505,0.6775506059344059,0.37932103248184346,1,496.9201346599026,3.9177432004692094
565,254,4.0289788246154785,78.80561736005035,17.841079711054604,29,40,1135.016410316457,0.6124100089073181,48,23,2,0.029932318980145325,0.9066060202073198,0.042421839440017345,1,491.0109569448739,0.5652487918645747
558,255,3.063678026199341,78.79591555498189,17.837306786861298,30,40,1151.2951368041395,0.6226915121078491,47,23,2,0.0299798071680585,0.8123007715702834,0.03685727047487751,1,496.9201346599026,0.4460211619785624
565,256,2.688502073287964,78.80346140336849,17.848086570270738,30,40,1135.016410316457,0.4405701160430908,46,24,2,0.030555158406844272,0.7708780072890737,0.2069934309050713,1,491.0109569448739,2.3939657998712858
549,257,1.3449296951293945,78.78810021201002,17.832455884327054,35,40,1151.2951368041395,0.509515643119812,43,22,2,0.029700982967947452,0.5842055611075876,0.12523015295135204,1,496.9201346599026,1.079771883931642
566,258,2.157191514968872,78.8037308979537,17.84646960275932,29,40,1135.016410316457,0.18445244431495667,47,24,2,0.030501999286773482,0.7058160586300307,0.6361377623958284,1,491.0109569448739,6.724534130461721
570,259,1.3449363708496094,78.80211393044232,17.83407285183847,29,10,1135.016410316457,0.6558629870414734,49,22,1,0.03063260645764,0.5842067214418595,0.022111913340389325,1,491.0109569448739,0.1942978558417329
553,260,2.1570818424224854,78.79349010371476,17.835150830179415,34,40,1151.2951368041395,0.1985367089509964,45,21,2,0.02902787435560302,0.7058016912412594,0.609305457758226,1,496.9201346599026,6.203254393337539
547,261,0.0,78.78136284737911,17.839732238128427,33,40,1151.2951368041395,0.31197768449783325,42,25,2,0.03134117165305953,0.16531147321376102,0.4037810681146853,1,496.9201346599026,1.0395628977308315
550,262,2.6883373260498047,78.78810021201002,17.827335487207577,34,40,1151.2951368041395,0.19111567735671997,44,22,2,0.029629709159312897,0.7708590838955302,0.6234158853181923,1,496.9201346599026,7.075658137853726
557,263,2.157013416290283,78.79564606039662,17.828413465548515,32,30,1151.2951368041395,0.2999156713485718,46,22,2,0.02950457576222098,0.7057927270188098,0.42451892174709327,1,496.9201346599026,4.392888699692358
548,264,2.945547103881836,78.78324930947576,17.84593061358885,32,40,1151.2951368041395,0.47207558155059814,45,23,2,0.03009274375958627,0.7996012571603743,0.16722399321732276,1,496.9201346599026,1.9994955390934135
562,265,2.094346761703491,78.79780201707854,17.830569422230404,30,40,1151.2951368041395,0.21520839631557465,47,23,1,0.03127786493244086,0.6975105385170473,0.5778463681976089,1,496.9201346599026,6.26450637938507
565,266,1.8543341159820557,78.80426988712418,17.824910035940448,31,30,1135.016410316457,0.5755752921104431,47,22,2,0.029450829852146646,0.6643390891346169,0.06638653669257673,1,491.0109569448739,0.6377618539528027
547,267,0.9274099469184875,78.78459678240199,17.826527003451865,34,40,1151.2951368041395,0.36592450737953186,44,22,2,0.029629709159312897,0.5034748895187708,0.3153101406862159,1,496.9201346599026,2.3373822212691837
548,268,0.9742186665534973,78.78675273908385,17.834611841008943,35,40,1151.2951368041395,0.6326259970664978,44,21,2,0.029093435025731893,0.513491506422842,0.03193529813140148,1,496.9201346599026,0.23707504102529517
563,269,2.0943305492401123,78.80561736005035,17.824101552184743,31,40,1135.016410316457,0.32279694080352783,46,23,2,0.03003330628227257,0.6975083767986954,0.3854576575658966,1,491.0109569448739,3.9647922353450227
566,270,5.465230464935303,78.80507837087987,17.84835606485597,29,40,1135.016410316457,0.493794322013855,48,23,1,0.031228320613522858,1.0373802474767144,0.14213710068069577,1,491.0109569448739,2.2609202306656764
547,271,1.947828769683838,78.78217133113486,17.830569422230404,35,40,1151.2951368041395,0.5105590224266052,41,24,2,0.030909323379618,0.6775497593603584,0.12414630229739011,1,496.9201346599026,1.2919659754746156
555,272,0.9274099469184875,78.79402909288524,17.837306786861298,31,40,1151.2951368041395,0.5475897789001465,46,23,2,0.03003330628227257,0.5034748895187708,0.0888534752748929,1,496.9201346599026,0.6676394233934567
558,273,0.9742657542228699,78.79187313620332,17.843235667736487,33,40,1151.2951368041395,0.20065519213676453,46,21,2,0.02896811539631949,0.5135014357866214,0.6052890577399712,1,496.9201346599026,4.474158047362938
543,274,0.9274099469184875,78.78136284737911,17.825988014281393,37,40,1151.2951368041395,0.19920028746128082,39,24,2,0.03109130237744067,0.5034748895187708,0.6080468196208809,1,496.9201346599026,4.729773517165611
551,275,2.157027244567871,78.78810021201002,17.8297609384747,34,40,1151.2951368041395,0.16937534511089325,45,21,2,0.02902787435560302,0.7057945386175386,0.6650943071832085,1,496.9201346599026,6.771164314994771
556,276,0.0,78.78971717952146,17.828413465548515,32,40,1151.2951368041395,0.2379203885793686,45,23,2,0.03009274375958627,0.16531147321376102,0.535583899127009,1,496.9201346599026,1.3239722734728012
556,277,1.3449451923370361,78.79510707122614,17.836498303105593,31,40,1151.2951368041395,0.4739530086517334,46,23,2,0.03003330628227257,0.5842082547354263,0.16497823644230483,1,496.9201346599026,1.4384146093052617
541,278,1.3448901176452637,78.7819018365496,17.822484584673326,37,40,1151.2951368041395,0.5807999968528748,40,23,2,0.030477045131687357,0.5841986819121053,0.06259985415981568,1,496.9201346599026,0.5538515131976899
554,279,3.0636391639709473,78.79295111454428,17.834611841008943,34,40,1151.2951368041395,0.18593591451644897,45,21,2,0.02902787435560302,0.8122966421298342,0.6333012671141446,1,496.9201346599026,7.420391918640113
557,280,2.920196771621704,78.79834100624902,17.821945595502854,31,40,1151.2951368041395,0.25655555725097656,48,21,2,0.02886624257519492,0.7968366479565405,0.5014853692071725,1,496.9201346599026,5.731976721656418
567,281,2.688400983810425,78.80130544668657,17.835150830179415,29,30,1135.016410316457,0.4647625982761383,49,22,1,0.03063260645764,0.7708663959110686,0.17610768122266682,1,491.0109569448739,2.04189096715274
561,282,1.344894528388977,78.80696483297652,17.82356256301427,32,40,1135.016410316457,0.17432302236557007,47,21,1,0.030166136097587237,0.5841994485754384,0.6555669973696105,1,491.0109569448739,5.672690568179989
569,283,1.8543341159820557,78.80426988712418,17.834342346423703,27,40,1135.016410316457,0.4093290865421295,51,22,2,0.02929638550757629,0.6643390891346169,0.25007856010558827,1,491.0109569448739,2.3898546722888296
571,284,2.688368082046509,78.80777331673227,17.831108411400876,29,40,1135.016410316457,0.39148321747779846,50,21,2,0.02878838504314994,0.7708626166799771,0.2761861730564813,1,491.0109569448739,3.009451879763769
558,285,0.9741882681846619,78.79537656581141,17.829221949304227,28,40,1151.2951368041395,0.1963270902633667,47,25,2,0.031018166932415797,0.5134850961744036,0.613500246772657,1,496.9201346599026,4.855626888414545
549,286,3.704791784286499,78.78675273908385,17.826796498037105,32,40,1151.2951368041395,0.2674199640750885,46,22,2,0.02950457576222098,0.8766006888617621,0.4818718231811124,1,496.9201346599026,6.193117338811028
557,287,2.688392162322998,78.79510707122614,17.83407285183847,34,40,1151.2951368041395,0.27213719487190247,45,21,2,0.02902787435560302,0.7708653826416711,0.4734208323944831,1,496.9201346599026,5.264143707767929
552,288,2.0943806171417236,78.78540526615768,17.84377465690696,34,40,1151.2951368041395,0.3947601616382599,44,22,2,0.029629709159312897,0.6975150526613462,0.2713148998423932,1,496.9201346599026,2.786385565850781
564,289,0.0,78.79968847917519,17.833803357253238,31,30,1151.2951368041395,0.39687874913215637,47,22,2,0.029450829852146646,0.16531147321376102,0.2681837793814541,1,496.9201346599026,0.6488131356841662
549,290,3.9998979568481445,78.78810021201002,17.849434043196915,34,40,1151.2951368041395,0.5012456178665161,43,23,2,0.03022918644166058,0.9039742122764308,0.1339900373467893,1,496.9201346599026,1.8194561910331573
574,291,0.9274099469184875,78.81073775716982,17.845661119003616,26,40,1135.016410316457,0.30861932039260864,51,23,2,0.029826789585390038,0.5034748895187708,0.4095229428576995,1,491.0109569448739,3.0196301062459323
555,292,2.1570162773132324,78.79349010371476,17.828682960133754,32,40,1151.2951368041395,0.1746916025876999,46,22,2,0.02950457576222098,0.7057931018329094,0.6548582070404365,1,496.9201346599026,6.776425261477467
555,293,0.9274099469184875,78.7961850495671,17.828952454718987,29,40,1151.2951368041395,0.19172009825706482,48,23,2,0.029932318980145325,0.5034748895187708,0.6222642957918646,1,496.9201346599026,4.659932834190816
561,294,0.0,78.80022746834567,17.84215768939555,33,40,1151.2951368041395,0.5668066143989563,46,21,2,0.02896811539631949,0.16531147321376102,0.07303067909882616,1,496.9201346599026,0.1737861537169174
559,295,4.946807384490967,78.79753252249327,17.837306786861298,30,40,1151.2951368041395,0.6258947849273682,47,23,2,0.0299798071680585,0.9845014085808274,0.035221816513402227,1,496.9201346599026,0.5165870578372871
569,296,0.9274099469184875,78.80238342502753,17.830838916815637,30,10,1135.016410316457,0.8113207817077637,48,22,2,0.029403054202064658,0.5034748895187708,0.00018410551450037357,1,491.0109569448739,0.0013382222315045044
565,297,1.344984769821167,78.80130544668657,17.84646960275932,32,40,1135.016410316457,0.3210933208465576,46,22,2,0.02950457576222098,0.5842151337621386,0.3883248752093142,1,491.0109569448739,3.286613026614752
560,298,2.0943734645843506,78.79456808205572,17.841079711054604,31,30,1151.2951368041395,0.41721397638320923,46,23,2,0.03003330628227257,0.6975140989725235,0.23888063418350564,1,496.9201346599026,2.4867015965337864
555,299,0.9274099469184875,78.79537656581141,17.839193248957955,31,40,1151.2951368041395,0.5207480788230896,47,22,2,0.029450829852146646,0.5034748895187708,0.11381618516830588,1,496.9201346599026,0.8386214591996316
565,300,2.9455151557922363,78.80912078965844,17.828143970963282,28,40,1135.016410316457,0.7115710377693176,51,21,2,0.028758681854367137,0.7995977819647033,0.007196817176089641,1,491.0109569448739,0.08125913798973723
551,301,1.344946265220642,78.78890869576577,17.836767797690833,31,40,1151.2951368041395,0.4270256459712982,46,23,2,0.03003330628227257,0.5842084412166653,0.22524701729629304,1,496.9201346599026,1.9638875453500932
563,302,2.6884734630584717,78.79914949000471,17.84431364607743,31,30,1151.2951368041395,0.4784606397151947,46,23,2,0.03003330628227257,0.770874721076438,0.1596451640503452,1,496.9201346599026,1.8366622979315905
564,303,2.7802884578704834,78.80804281131748,17.824910035940448,31,40,1135.016410316457,0.21749350428581238,48,21,2,0.02886624257519492,0.781315268995993,0.5735619507009819,1,491.0109569448739,6.351672323914745
566,304,1.9479563236236572,78.80588685463562,17.84215768939555,29,40,1135.016410316457,0.40197789669036865,48,23,2,0.029932318980145325,0.6775675204845968,0.2607070304020334,1,491.0109569448739,2.59619237933258
555,305,2.1571037769317627,78.78917819035098,17.837576281446538,31,40,1151.2951368041395,0.36683154106140137,46,23,2,0.03003330628227257,0.7058045647539436,0.3138886294386614,1,496.9201346599026,3.3063573173088696
553,306,2.094327688217163,78.79564606039662,17.8230235738438,32,40,1151.2951368041395,0.58524090051651,45,23,2,0.03009274375958627,0.6975079953179476,0.059482314699842165,1,496.9201346599026,0.6204194892635687
566,307,0.9741806387901306,78.80831230590275,17.827874476378042,30,40,1135.016410316457,0.5886191725730896,48,22,2,0.029403054202064658,0.5134834873089108,0.05717289928818156,1,491.0109569448739,0.423838424232321
554,308,0.9274099469184875,78.79753252249327,17.822754079258566,32,40,1151.2951368041395,0.20525385439395905,45,23,2,0.03009274375958627,0.5034748895187708,0.5965890077221623,1,496.9201346599026,4.491603832908878
550,309,2.7802884578704834,78.78567476074289,17.832994873497526,33,30,1151.2951368041395,0.5416759252548218,45,22,2,0.029564222483894002,0.781315268995993,0.09406920790577251,1,496.9201346599026,1.0797590553446283
566,310,0.9274099469184875,78.80939028424365,17.839462743543187,28,40,1135.016410316457,0.3743842542171478,50,22,1,0.03059547623177808,0.5034748895187708,0.3021443231688851,1,491.0109569448739,2.285286506357158
559,311,0.0,78.80157494127184,17.839193248957955,31,40,1135.016410316457,0.5994391441345215,48,21,2,0.02886624257519492,0.16531147321376102,0.05013684470665439,1,491.0109569448739,0.11747391306764272
549,312,1.3449881076812744,78.78998667410667,17.847278086515026,32,40,1151.2951368041395,0.31567519903182983,46,22,2,0.02950457576222098,0.5842157139154727,0.39748868859849507,1,496.9201346599026,3.4046617940307957
564,313,1.9477680921554565,78.80696483297652,17.824910035940448,31,40,1135.016410316457,0.6543165445327759,48,21,2,0.02886624257519492,0.6775413101327697,0.022694335545902843,1,491.0109569448739,0.21793886849998514
556,314,1.3449077606201172,78.79349010371476,17.827065992622337,32,50,1151.2951368041395,0.20123840868473053,46,22,2,0.02950457576222098,0.5842017485563991,0.6041842805865627,1,496.9201346599026,5.174974843741564
554,315,1.9479320049285889,78.79699353332279,17.84000173271366,31,30,1151.2951368041395,0.6707420349121094,47,22,2,0.029450829852146646,0.6775641343052374,0.017004715430281453,1,496.9201346599026,0.16861799026696325
563,316,2.9455432891845703,78.80022746834567,17.843505162321726,30,40,1151.2951368041395,0.30325445532798767,48,22,2,0.029403054202064658,0.7996008422128181,0.4187469855134287,1,496.9201346599026,4.892197431376977
558,317,2.157172441482544,78.7961850495671,17.84431364607743,32,30,1151.2951368041395,0.2246730923652649,46,22,2,0.02950457576222098,0.7058135599850864,0.5601464217228614,1,496.9201346599026,5.796522585252252
559,318,4.028759002685547,78.81100725175509,17.822484584673326,33,40,1135.016410316457,0.22450104355812073,45,22,2,0.029564222483894002,0.9065861686658913,0.5604670792436305,1,491.0109569448739,7.375930950593942
551,319,1.3449440002441406,78.78971717952146,17.83622880852036,31,40,1151.2951368041395,0.6185028553009033,46,23,2,0.03003330628227257,0.584208047533945,0.0390659828272349,1,496.9201346599026,0.34060892944010907
551,320,4.029037952423096,78.78351880406103,17.84620010817408,32,40,1151.2951368041395,0.5443410277366638,45,23,2,0.03009274375958627,0.9066113597749619,0.09169866214200079,1,496.9201346599026,1.2431757708886855
568,321,0.9274099469184875,78.81100725175509,17.848895054026443,30,30,1135.016410316457,0.3065710961818695,48,22,1,0.030676139869013505,0.5034748895187708,0.4130371171059888,1,491.0109569448739,3.132267100195577
545,322,0.9274099469184875,78.78163234196438,17.835150830179415,34,40,1151.2951368041395,0.4987351596355438,45,21,2,0.02902787435560302,0.5034748895187708,0.13670816473589845,1,496.9201346599026,0.9928281839113914
558,323,2.15712308883667,78.80049696293088,17.839462743543187,31,40,1135.016410316457,0.6220145225524902,48,21,2,0.02886624257519492,0.7058070946800012,0.03720885247206763,1,491.0109569448739,0.37223202626716556
569,324,0.0,78.81073775716982,17.84862555944121,30,40,1135.016410316457,0.3084218204021454,48,22,1,0.030676139869013505,0.16531147321376102,0.409861394161083,1,491.0109569448739,1.020544395493901
568,325,0.9742262363433838,78.81100725175509,17.83622880852036,28,50,1135.016410316457,0.19864749908447266,49,23,2,0.029890923597803827,0.5134931026817452,0.6090952813320724,1,491.0109569448739,4.5903982731018065
552,326,5.36524772644043,78.78971717952146,17.849973032367387,31,40,1151.2951368041395,0.5567213296890259,45,24,2,0.030614290023118454,1.0258833530039086,0.08111928892373536,1,496.9201346599026,1.265997663150549
560,327,3.4576902389526367,78.79914949000471,17.836767797690833,31,40,1151.2951368041395,0.30950745940208435,47,22,2,0.029450829852146646,0.8526669766115615,0.40800202681593545,1,496.9201346599026,5.091267251722661
574,328,2.6884822845458984,78.8104682625846,17.845661119003616,26,40,1135.016410316457,0.33483821153640747,51,23,2,0.029826789585390038,0.7708757343275583,0.3653909974206836,1,491.0109569448739,4.125151585686041
570,329,0.9741882681846619,78.80453938170945,17.829221949304227,28,10,1135.016410316457,0.638953447341919,51,21,2,0.028758681854367137,0.5134850961744036,0.029029234619267562,1,491.0109569448739,0.21048618085453166
551,330,4.7773518562316895,78.79079515786242,17.826527003451865,33,40,1151.2951368041395,0.33507224917411804,46,21,2,0.02896811539631949,0.9708051445467144,0.36500450409010277,1,496.9201346599026,5.100786298516916
551,331,0.9742672443389893,78.78432728781672,17.843505162321726,33,40,1151.2951368041395,0.34628117084503174,43,24,2,0.030750211314657515,0.5135017500022975,0.34665705707156347,1,496.9201346599026,2.7200486551952596
557,332,3.063448429107666,78.80022746834567,17.822484584673326,30,40,1151.2951368041395,0.21990534663200378,47,23,2,0.0299798071680585,0.8122763744852464,0.5690474554720477,1,496.9201346599026,6.8860113908676865
544,333,0.0,78.7819018365496,17.82356256301427,37,40,1151.2951368041395,0.2719607353210449,40,23,2,0.030477045131687357,0.16531147321376102,0.4737362332213751,1,496.9201346599026,1.186039221780355
549,334,2.9455466270446777,78.78163234196438,17.845661119003616,32,40,1151.2951368041395,0.4304257333278656,44,24,2,0.03067932722450412,0.7996012052919473,0.22060211329134605,1,496.9201346599026,2.6891531377295474
550,335,0.9274099469184875,78.79268161995907,17.822215090088093,31,40,1151.2951368041395,0.6577215194702148,47,22,2,0.029450829852146646,0.5034748895187708,0.021425032994155897,1,496.9201346599026,0.15786412456532267
567,336,1.344934105873108,78.81100725175509,17.833533862668,29,40,1135.016410316457,0.7528517246246338,49,22,2,0.029361327463965223,0.584206327757404,0.0022601860692875544,1,491.0109569448739,0.0190360712098467
560,337,1.9477407932281494,78.80696483297652,17.822484584673326,31,40,1135.016410316457,0.3638220727443695,46,23,2,0.03003330628227257,0.6775375087589874,0.3186141128009429,1,491.0109569448739,3.183410762767134
552,338,0.9742931127548218,78.79160364161811,17.84835606485597,34,40,1151.2951368041395,0.6051203608512878,45,21,2,0.02902787435560302,0.5135072047405185,0.04666156604308588,1,496.9201346599026,0.34562701497486625
549,339,2.094383478164673,78.78297981489055,17.845122129833143,32,40,1151.2951368041395,0.26309558749198914,45,23,2,0.03009274375958627,0.6975154341363301,0.48965402232867866,1,496.9201346599026,5.107301890763243
552,340,0.0,78.78594425532816,17.827065992622337,33,40,1151.2951368041395,0.20531561970710754,45,22,2,0.029564222483894002,0.16531147321376102,0.5964723309753671,1,496.9201346599026,1.4485929086742788
561,341,2.7802884578704834,78.79861050083423,17.844852635247904,31,40,1151.2951368041395,0.3062201142311096,46,23,2,0.03003330628227257,0.781315268995993,0.4136402278951636,1,496.9201346599026,4.823239413338078
564,342,0.9742140769958496,78.7999579737604,17.833803357253238,31,30,1151.2951368041395,0.5003628134727478,47,22,2,0.029450829852146646,0.513490538608705,0.1349427566274978,1,496.9201346599026,1.0140658428744767
562,343,2.1571147441864014,78.80534786546514,17.838654259787482,29,40,1135.016410316457,0.6623115539550781,50,21,2,0.02878838504314994,0.7058060015037361,0.01978919929280462,1,491.0109569448739,0.19743405044228565
565,344,1.8543341159820557,78.80561736005035,17.83595931393512,29,40,1135.016410316457,0.2618105709552765,49,22,2,0.029361327463965223,0.6643390891346169,0.49197288689906615,1,491.0109569448739,4.71191932405369
556,345,3.063643455505371,78.79429858747045,17.834881335594176,34,30,1151.2951368041395,0.2937736213207245,45,21,2,0.02902787435560302,0.812297098143195,0.4351984587518625,1,496.9201346599026,5.099223871690885
547,346,1.8543341159820557,78.78783071742481,17.824371046769983,33,40,1151.2951368041395,0.481675386428833,44,23,2,0.0301580557278245,0.6643390891346169,0.1558929364549792,1,496.9201346599026,1.5520516790818046
549,347,1.3449891805648804,78.78297981489055,17.847547581100265,34,40,1151.2951368041395,0.29494762420654297,43,23,2,0.03022918644166058,0.5842159003931467,0.43315108267906555,1,496.9201346599026,3.8012447252660535
561,348,0.9742657542228699,78.79887999541944,17.843235667736487,31,40,1151.2951368041395,0.33096081018447876,46,23,2,0.03003330628227257,0.5135014357866214,0.371814016289313,1,496.9201346599026,2.849424531494366
570,349,1.947849988937378,78.80184443585705,17.832455884327054,29,10,1135.016410316457,0.7388553619384766,49,22,2,0.029361327463965223,0.6775527140629104,0.00348742688591774,1,491.0109569448739,0.03406552377992086
548,350,1.3448890447616577,78.78729172825433,17.822215090088093,32,80,1151.2951368041395,0.5898280143737793,45,23,2,0.03009274375958627,0.584198495426202,0.05635955945895009,1,496.9201346599026,0.4923527922286337
559,351,1.3449770212173462,78.79726302790806,17.84458314066267,32,30,1151.2951368041395,0.32230034470558167,46,22,2,0.02950457576222098,0.5842137869742876,0.38629272935637743,1,496.9201346599026,3.3087526682252024
562,352,2.6883482933044434,78.80022746834567,17.828682960133754,31,40,1151.2951368041395,0.2350272238254547,48,21,2,0.02886624257519492,0.7708603436508893,0.5409263612428794,1,496.9201346599026,5.9812327421281095
557,353,1.3449748754501343,78.78890869576577,17.84377465690696,32,40,1151.2951368041395,0.22183173894882202,45,23,2,0.03009274375958627,0.5842134140168301,0.5654472694137256,1,496.9201346599026,4.939830156135925
554,354,0.9742931127548218,78.79483757664093,17.84835606485597,32,40,1151.2951368041395,0.41814157366752625,46,22,2,0.02950457576222098,0.5135072047405185,0.23757729788502457,1,496.9201346599026,1.7886585732886449
558,355,0.9274099469184875,78.79753252249327,17.843505162321726,32,30,1151.2951368041395,0.24620062112808228,46,22,2,0.02950457576222098,0.5034748895187708,0.5203644471438539,1,496.9201346599026,3.8411511807440504
569,356,2.0943856239318848,78.80534786546514,17.84593061358885,26,40,1135.016410316457,0.22715173661708832,51,23,2,0.029826789585390038,0.6975157202423634,0.5555314245460194,1,491.0109569448739,5.674927590818689
552,357,2.0943946838378906,78.79564606039662,17.849434043196915,32,40,1151.2951368041395,0.6683896780014038,46,22,2,0.02950457576222098,0.6975169282436837,0.017753451158914007,1,496.9201346599026,0.18155721425147142
575,358,0.9742079973220825,78.80426988712418,17.832725378912293,28,30,1135.016410316457,0.636137068271637,51,21,2,0.028758681854367137,0.5134892565649898,0.030300977949846833,1,491.0109569448739,0.21970916161539253
573,359,1.3449242115020752,78.80507837087987,17.831108411400876,30,10,1135.016410316457,0.7676685452461243,49,21,2,0.028824270516558635,0.5842046079732829,0.001349000970593088,1,491.0109569448739,0.011153900060646081
566,360,2.094365119934082,78.80885129507317,17.83784577603177,29,40,1135.016410316457,0.5436473488807678,48,23,2,0.029932318980145325,0.6975129863331027,0.09231250970053478,1,491.0109569448739,0.9463339140328666
560,361,0.9741806387901306,78.79914949000471,17.827874476378042,31,40,1151.2951368041395,0.26820459961891174,47,22,2,0.029450829852146646,0.5134834873089108,0.48046334776409344,1,496.9201346599026,3.6105293187030356
550,362,2.920210361480713,78.79187313620332,17.822754079258566,31,40,1151.2951368041395,0.18777066469192505,45,24,2,0.030614290023118454,0.7968381338370228,0.6297963683412326,1,496.9201346599026,7.634507886863265
560,363,4.183103084564209,78.79780201707854,17.828952454718987,29,40,1151.2951368041395,0.26952382922172546,48,23,2,0.029932318980145325,0.9203699079087914,0.47809773545772954,1,496.9201346599026,6.544945828156962
558,364,1.3449000120162964,78.79941898458992,17.824910035940448,31,40,1151.2951368041395,0.24943821132183075,46,23,2,0.03003330628227257,0.5842004017223463,0.5144429105474546,1,496.9201346599026,4.48527191945389
550,365,2.945512056350708,78.78729172825433,17.826257508866632,32,30,1151.2951368041395,0.20840759575366974,46,22,2,0.02950457576222098,0.7995974448176595,0.5906375140381731,1,496.9201346599026,6.924180710683189
558,366,0.0,78.79106465244763,17.843505162321726,32,40,1151.2951368041395,0.22230352461338043,45,23,2,0.03009274375958627,0.16531147321376102,0.5645663327614013,1,496.9201346599026,1.3956173296670715
559,367,0.0,78.79753252249327,17.834881335594176,30,30,1151.2951368041395,0.5567086935043335,46,24,2,0.030555158406844272,0.16531147321376102,0.08112972247069147,1,496.9201346599026,0.20363579496730005
558,368,3.063678026199341,78.79591555498189,17.837306786861298,30,40,1151.2951368041395,0.5237966179847717,47,23,2,0.0299798071680585,0.8123007715702834,0.11081577139253398,1,496.9201346599026,1.3410157205140407
555,369,0.0,78.79268161995907,17.839193248957955,33,30,1151.2951368041395,0.42764630913734436,44,23,2,0.0301580557278245,0.16531147321376102,0.2243960288498978,1,496.9201346599026,0.5559146213681618
559,370,2.0943446159362793,78.79483757664093,17.8297609384747,28,40,1151.2951368041395,0.2603522539138794,47,25,2,0.031018166932415797,0.6975102524078398,0.4946079488696747,1,496.9201346599026,5.317584627931577
557,371,2.0943644046783447,78.79268161995907,17.837576281446538,32,40,1151.2951368041395,0.2721485495567322,45,23,2,0.03009274375958627,0.697512890963886,0.47340053917943686,1,496.9201346599026,4.937753072947556
557,372,2.094352960586548,78.79214263078859,17.832994873497526,32,40,1151.2951368041395,0.21872340142726898,47,21,2,0.028914216017125644,0.6975113650537732,0.5712588498790038,1,496.9201346599026,5.72508903356023
572,373,0.9742079973220825,78.80723432756179,17.832725378912293,29,40,1135.016410316457,0.26352620124816895,48,23,2,0.029932318980145325,0.5134892565649898,0.4888776067899731,1,491.0109569448739,3.689462109389654
549,374,2.6884469985961914,78.78271032030534,17.841079711054604,33,40,1151.2951368041395,0.2949816584587097,44,23,2,0.0301580557278245,0.7708716813111783,0.43309177183824166,1,496.9201346599026,5.003247167512001
556,375,2.0943446159362793,78.79295111454428,17.8297609384747,31,40,1151.2951368041395,0.3596876561641693,46,23,2,0.03003330628227257,0.6975102524078398,0.32514773602171,1,496.9201346599026,3.384706919302003
560,376,1.344985842704773,78.7999579737604,17.846739097344553,31,40,1151.2951368041395,0.3718418478965759,46,23,2,0.03003330628227257,0.58421532024009,0.3060791480148683,1,496.9201346599026,2.6686795317998784
564,377,2.157155990600586,78.80184443585705,17.84269667856602,30,30,1135.016410316457,0.2924021780490875,48,22,2,0.029403054202064658,0.7058114048932151,0.43759374374125637,1,491.0109569448739,4.459060901785983
547,378,0.0,78.78378829864624,17.826796498037105,34,40,1151.2951368041395,0.33628514409065247,44,22,2,0.029629709159312897,0.16531147321376102,0.36300371014355337,1,496.9201346599026,0.8835437168745699
568,379,1.3449451923370361,78.80400039253897,17.836498303105593,30,40,1135.016410316457,0.42442676424980164,48,22,2,0.029403054202064658,0.5842082547354263,0.22882523461412685,1,491.0109569448739,1.9299907766113287
572,380,1.8543341159820557,78.80965977882892,17.84620010817408,26,40,1135.016410316457,0.3836206793785095,51,23,2,0.029826789585390038,0.6643390891346169,0.28801140738449965,1,491.0109569448739,2.802187491342564
556,381,0.0,78.79699353332279,17.8230235738438,32,40,1151.2951368041395,0.6268108487129211,45,23,2,0.03009274375958627,0.16531147321376102,0.03476262042240635,1,496.9201346599026,0.08593377371415528
564,382,0.0,78.80346140336849,17.826527003451865,31,20,1135.016410316457,0.3515673875808716,47,22,2,0.029450829852146646,0.16531147321376102,0.33811791016641735,1,491.0109569448739,0.8082763887699282
554,383,1.8543341159820557,78.78998667410667,17.83137790598611,33,40,1151.2951368041395,0.5345540046691895,45,22,2,0.029564222483894002,0.6643390891346169,0.10056470452876028,1,496.9201346599026,0.9814957982766409
553,384,2.9204695224761963,78.79052566327715,17.838654259787482,33,40,1151.2951368041395,0.26745331287384033,44,23,2,0.0301580557278245,0.7968664690500596,0.48181193731333954,1,496.9201346599026,5.753777216402289
562,385,1.8543341159820557,78.80157494127184,17.84215768939555,33,30,1135.016410316457,0.49534738063812256,46,21,2,0.02896811539631949,0.6643390891346169,0.1404193183429293,1,491.0109569448739,1.3268691371134835
552,386,1.3449440002441406,78.79025616869194,17.83622880852036,31,40,1151.2951368041395,0.5595238208770752,46,23,2,0.03003330628227257,0.584208047533945,0.07882377159904708,1,496.9201346599026,0.6872495843126702
568,387,0.0,78.80400039253897,17.84377465690696,27,40,1135.016410316457,0.35114502906799316,51,22,2,0.02929638550757629,0.16531147321376102,0.33879743131507445,1,491.0109569448739,0.80565356010546
575,388,2.945544719696045,78.80992927341413,17.84431364607743,25,40,1135.016410316457,0.2526785731315613,52,23,2,0.029804267931483427,0.7996009978181892,0.5085332802205873,1,491.0109569448739,5.950621811907838
566,389,1.9478894472122192,78.80588685463562,17.83622880852036,29,40,1135.016410316457,0.1755797564983368,49,22,2,0.029361327463965223,0.6775582084305124,0.6531508127953692,1,491.0109569448739,6.380092171303098
569,390,2.7802884578704834,78.80696483297652,17.847278086515026,29,40,1135.016410316457,0.2679106593132019,47,24,1,0.031822666787449265,0.781315268995993,0.4809908617083188,1,491.0109569448739,5.872065508745766
565,391,0.9274099469184875,78.80561736005035,17.837576281446538,29,40,1135.016410316457,0.27790728211402893,49,22,2,0.029361327463965223,0.5034748895187708,0.4631392939436644,1,491.0109569448739,3.3616795696121113
560,392,1.3448890447616577,78.80588685463562,17.822215090088093,30,40,1135.016410316457,0.23070397973060608,47,23,2,0.0299798071680585,0.584198495426202,0.548932678762732,1,491.0109569448739,4.720625396585396
574,393,3.999750852584839,78.8112767463403,17.84242718398078,26,40,1135.016410316457,0.23279671370983124,51,23,2,0.029826789585390038,0.9039608706404166,0.5450536752716021,1,491.0109569448739,7.215835071342955
568,394,1.8543341159820557,78.8037308979537,17.8297609384747,28,30,1135.016410316457,0.5882518887519836,51,21,2,0.028758681854367137,0.6643390891346169,0.057421377539845185,1,491.0109569448739,0.5386709730384355
557,395,1.9479167461395264,78.7999579737604,17.838654259787482,32,40,1151.2951368041395,0.4484127163887024,47,21,2,0.028914216017125644,0.677562009630768,0.19673465271004514,1,496.9201346599026,1.9152608265353699
573,396,1.947819709777832,78.80561736005035,17.8297609384747,30,30,1135.016410316457,0.24479816854000092,49,21,2,0.028824270516558635,0.6775484977961003,0.5229347089098512,1,491.0109569448739,5.01461232358059
566,397,1.3449022769927979,78.80400039253897,17.82544902511092,31,40,1135.016410316457,0.51396244764328,47,22,2,0.029450829852146646,0.5842007954127811,0.12064434178331893,1,491.0109569448739,1.0191962626666722
565,398,0.9742550849914551,78.80804281131748,17.841349205639837,26,40,1135.016410316457,0.4990723431110382,50,24,2,0.03037916175238822,0.513499185993963,0.13634150314320534,1,491.0109569448739,1.0443229136099217
551,399,1.344947338104248,78.78459678240199,17.837037292276065,35,40,1151.2951368041395,0.5238875150680542,44,21,2,0.029093435025731893,0.5842086276978152,0.11072695249664355,1,496.9201346599026,0.9351965772592299
565,400,0.9274099469184875,78.80831230590275,17.829221949304227,29,40,1135.016410316457,0.45423945784568787,50,21,2,0.02878838504314994,0.5034748895187708,0.18926429733815578,1,491.0109569448739,1.3469609285482214
545,401,2.0943939685821533,78.7819018365496,17.849164548611675,32,40,1151.2951368041395,0.4771563410758972,44,24,2,0.03067932722450412,0.697516832875272,0.1611797203996711,1,496.9201346599026,1.7139475068442527
572,402,1.8543341159820557,78.80965977882892,17.84620010817408,26,40,1135.016410316457,0.3796390891075134,51,23,2,0.029826789585390038,0.6643390891346169,0.29407226107864576,1,491.0109569448739,2.8611561570729465
570,403,2.7802884578704834,78.80669533839131,17.847008591929793,26,40,1135.016410316457,0.2164129912853241,51,23,2,0.029826789585390038,0.781315268995993,0.5755869770790619,1,491.0109569448739,6.58620076373883
573,404,2.094351053237915,78.80507837087987,17.83218638974182,29,10,1135.016410316457,0.6059548854827881,48,23,2,0.029932318980145325,0.6975111107349363,0.04616372508123631,1,491.0109569448739,0.4732422649174945
572,405,1.3449738025665283,78.8101987679994,17.843505162321726,25,40,1135.016410316457,0.43711087107658386,52,23,2,0.029804267931483427,0.5842132275379677,0.21159153662866048,1,491.0109569448739,1.8090031407557827
572,406,2.157060146331787,78.80669533839131,17.832994873497526,29,30,1135.016410316457,0.4134973883628845,48,23,2,0.029932318980145325,0.7057988489452269,0.244132421120627,1,491.0109569448739,2.532432930147529
558,407,0.9741852283477783,78.79699353332279,17.828682960133754,29,40,1151.2951368041395,0.5137544274330139,48,23,2,0.029932318980145325,0.5134844551429641,0.12085691048542517,1,496.9201346599026,0.9230511072394635
572,408,2.7802884578704834,78.8104682625846,17.84593061358885,26,40,1135.016410316457,0.4789291024208069,51,23,2,0.029826789585390038,0.781315268995993,0.15909571370776263,1,491.0109569448739,1.8204656339639715
546,409,3.4576058387756348,78.78136284737911,17.830569422230404,35,40,1151.2951368041395,0.25339120626449585,41,24,2,0.030909323379618,0.8526586310645999,0.5072359208898716,1,496.9201346599026,6.64295463175594
561,410,5.017306327819824,78.8112767463403,17.822754079258566,33,40,1135.016410316457,0.301444947719574,45,22,2,0.029564222483894002,0.9901181535819759,0.42187222198096713,1,491.0109569448739,6.063530955338567
550,411,1.8543341159820557,78.78271032030534,17.840810216469364,33,40,1151.2951368041395,0.19720359146595,44,23,2,0.0301580557278245,0.6643390891346169,0.6118355979155268,1,496.9201346599026,6.091363012724128
544,412,0.9274099469184875,78.7819018365496,17.84835606485597,32,40,1151.2951368041395,0.30919456481933594,44,24,2,0.03067932722450412,0.5034748895187708,0.40853765144440835,1,496.9201346599026,3.1357564848434287
561,413,0.974156379699707,78.8104682625846,17.823293068429038,33,40,1135.016410316457,0.16969162225723267,45,22,2,0.029564222483894002,0.5134783715692155,0.6644845770583939,1,491.0109569448739,4.9529586913961365
570,414,0.9274099469184875,78.80965977882892,17.846739097344553,26,40,1135.016410316457,0.328207403421402,51,23,2,0.029826789585390038,0.5034748895187708,0.3763975729197487,1,491.0109569448739,2.7753791647793213
567,415,0.9742900729179382,78.8064258438061,17.847817075685498,29,40,1135.016410316457,0.2165476679801941,48,23,1,0.031228320613522858,0.5135065637504371,0.5753344904821278,1,491.0109569448739,4.530083659198569
566,416,3.0638644695281982,78.80965977882892,17.849164548611675,30,40,1135.016410316457,0.5753275156021118,48,22,1,0.030676139869013505,0.8123205823171118,0.06656930989167593,1,491.0109569448739,0.8145043441618105
548,417,1.8543341159820557,78.78621374991337,17.83622880852036,35,40,1151.2951368041395,0.3328332304954529,44,21,2,0.029093435025731893,0.6643390891346169,0.3687076504508928,1,496.9201346599026,3.541225239022237
572,418,2.094351053237915,78.80777331673227,17.83218638974182,29,40,1135.016410316457,0.26788219809532166,48,23,2,0.029932318980145325,0.6975111107349363,0.48104194728641547,1,491.0109569448739,4.931347724940757
564,419,1.3449418544769287,78.79968847917519,17.835689819349888,31,40,1151.2951368041395,0.3127516508102417,47,22,2,0.029450829852146646,0.5842076745710014,0.40246138062282083,1,496.9201346599026,3.4409281281145963
550,420,0.9741594195365906,78.79214263078859,17.82383205759951,31,50,1151.2951368041395,0.35654258728027344,45,24,2,0.030614290023118454,0.5134790126120362,0.33014979230415775,1,496.9201346599026,2.578959441637205
550,421,0.9742611646652222,78.78297981489055,17.84242718398078,33,40,1151.2951368041395,0.31811556220054626,44,23,2,0.0301580557278245,0.5135004680005285,0.3933528184145989,1,496.9201346599026,3.027004340179181
556,422,0.0,78.78971717952146,17.829221949304227,33,40,1151.2951368041395,0.3133501708507538,45,22,2,0.029564222483894002,0.16531147321376102,0.40144177276365617,1,496.9201346599026,0.9749416277535247
562,423,2.9455347061157227,78.80615634922083,17.838923754372715,29,20,1135.016410316457,0.34017279744148254,50,21,2,0.02878838504314994,0.7995999085796459,0.35661567605107564,1,491.0109569448739,4.03071092008762
564,424,2.15712571144104,78.80831230590275,17.839732238128427,30,30,1135.016410316457,0.6175219416618347,47,23,2,0.0299798071680585,0.7058074382491625,0.03959477441313874,1,491.0109569448739,0.41138089864384647
553,425,2.09436297416687,78.78756122283954,17.837037292276065,32,40,1151.2951368041395,0.35913676023483276,45,23,2,0.03009274375958627,0.6975127002253946,0.3260219268111593,1,496.9201346599026,3.4005354821480096
553,426,0.9742156267166138,78.79295111454428,17.83407285183847,34,40,1151.2951368041395,0.26862597465515137,45,21,2,0.02902787435560302,0.5134908654033945,0.4797074066278467,1,496.9201346599026,3.553128998271543
548,427,0.9741517901420593,78.78998667410667,17.822484584673326,33,40,1151.2951368041395,0.39275041222572327,44,23,2,0.0301580557278245,0.5134774037179787,0.27429841194618876,1,496.9201346599026,2.1107391402820372
566,428,2.1571366786956787,78.80723432756179,17.840810216469364,26,40,1135.016410316457,0.6512513160705566,50,24,2,0.03037916175238822,0.7058088749902226,0.023878216806483183,1,491.0109569448739,0.25139461805312624
548,429,0.974166989326477,78.78729172825433,17.825179530525688,32,40,1151.2951368041395,0.4270613193511963,46,22,2,0.02950457576222098,0.5134806089291429,0.22519806841360632,1,496.9201346599026,1.695370715989171
565,430,3.8300602436065674,78.80804281131748,17.84000173271366,30,30,1135.016410316457,0.25007596611976624,47,23,2,0.0299798071680585,0.8883727133352393,0.5132784488482797,1,491.0109569448739,6.7122520939751285
567,431,0.9741715788841248,78.80453938170945,17.825988014281393,31,40,1135.016410316457,0.5264871120452881,47,22,2,0.029450829852146646,0.5134815767713263,0.10820260119556502,1,491.0109569448739,0.8034360003433304
570,432,0.9742839932441711,78.80992927341413,17.846739097344553,26,40,1135.016410316457,0.37758317589759827,51,23,2,0.029826789585390038,0.5135052817666775,0.29722057144478853,1,491.0109569448739,2.2352261716371467
556,433,0.9742885828018188,78.7961850495671,17.847547581100265,32,40,1151.2951368041395,0.315443217754364,46,22,2,0.02950457576222098,0.513506249539175,0.3978825568988799,1,496.9201346599026,2.99555020226779
565,434,2.156980514526367,78.80669533839131,17.824910035940448,30,40,1135.016410316457,0.4015369713306427,49,21,2,0.028824270516558635,0.7057884166353052,0.26135020430522815,1,491.0109569448739,2.6106393447211147
565,435,1.3449153900146484,78.80804281131748,17.828952454718987,30,40,1135.016410316457,0.6291816234588623,48,22,2,0.029403054202064658,0.5842030746653856,0.03359171023613726,1,491.0109569448739,0.2833215321932074
567,436,1.9478014707565308,78.80319190878322,17.828143970963282,28,30,1135.016410316457,0.6666744351387024,51,21,2,0.028758681854367137,0.6775459580574088,0.018313077886595364,1,491.0109569448739,0.17521055336725125
556,437,2.15712571144104,78.79375959829997,17.839732238128427,31,40,1151.2951368041395,0.4379798471927643,47,22,2,0.029450829852146646,0.7058074382491625,0.2104323082944867,1,496.9201346599026,2.173615793092319
545,438,0.9274099469184875,78.78971717952146,17.849164548611675,32,40,1151.2951368041395,0.5350300669670105,46,22,2,0.02950457576222098,0.5034748895187708,0.10012324568980274,1,496.9201346599026,0.7390753259801272
565,439,1.344948410987854,78.8037308979537,17.837306786861298,30,40,1135.016410316457,0.3757197856903076,48,22,2,0.029403054202064658,0.584208814178876,0.30008498778382664,1,491.0109569448739,2.5310224818926113
561,440,0.9274099469184875,78.7961850495671,17.83029992764517,30,40,1151.2951368041395,0.1565566062927246,47,23,1,0.03127786493244086,0.5034748895187708,0.6898838415896281,1,496.9201346599026,5.398554405536181
572,441,2.0943820476531982,78.80858180048796,17.84458314066267,26,40,1135.016410316457,0.23961937427520752,51,23,2,0.029826789585390038,0.697515243398877,0.532452466064047,1,491.0109569448739,5.439165079195466
563,442,3.4577131271362305,78.81100725175509,17.838384765202242,28,40,1135.016410316457,0.5817995667457581,50,22,1,0.03059547623177808,0.8526692397898751,0.06189005276730332,1,491.0109569448739,0.7927748243649274
565,443,0.9274099469184875,78.80130544668657,17.836767797690833,31,30,1135.016410316457,0.28962650895118713,47,22,2,0.029450829852146646,0.5034748895187708,0.44245329230715624,1,491.0109569448739,3.2213207234830956
563,444,3.3929975032806396,78.80211393044232,17.837306786861298,31,40,1135.016410316457,0.3072093725204468,47,22,2,0.029450829852146646,0.8462342431012965,0.4119410251568495,1,491.0109569448739,5.040972878335731
549,445,3.891268491744995,78.78890869576577,17.835150830179415,34,40,1151.2951368041395,0.45887693762779236,45,21,2,0.02902787435560302,0.8940417534848976,0.18341261627808686,1,496.9201346599026,2.36531418551158
547,446,0.9274099469184875,78.78917819035098,17.821945595502854,34,10,1151.2951368041395,0.7037341594696045,43,23,2,0.03022918644166058,0.5034748895187708,0.008645693945627418,1,496.9201346599026,0.06538689674528003
557,447,3.0637128353118896,78.79133414703284,17.839462743543187,33,40,1151.2951368041395,0.2252076417207718,44,23,2,0.0301580557278245,0.8123044703064151,0.5591504138150107,1,496.9201346599026,6.806712815943659
559,448,2.09436297416687,78.79753252249327,17.837037292276065,30,40,1151.2951368041395,0.5305200815200806,47,23,2,0.0299798071680585,0.6975127002253946,0.10434702914609488,1,496.9201346599026,1.0842954560253788
562,449,2.1570956707000732,78.80022746834567,17.836767797690833,31,30,1151.2951368041395,0.3097793459892273,47,22,2,0.029450829852146646,0.7058035028056384,0.4075367778416623,1,496.9201346599026,4.209541037482003
550,450,0.9274099469184875,78.78513577157241,17.836498303105593,35,40,1151.2951368041395,0.16189761459827423,44,21,2,0.029093435025731893,0.5034748895187708,0.6795372103362757,1,496.9201346599026,4.946211164185771
565,451,2.157057285308838,78.79861050083423,17.832725378912293,30,30,1151.2951368041395,0.5089958906173706,47,23,2,0.0299798071680585,0.7057984741356836,0.1257718579308334,1,496.9201346599026,1.3224510961978901
560,452,3.457789897918701,78.79807151166375,17.84377465690696,31,30,1151.2951368041395,0.42297980189323425,46,23,2,0.03003330628227257,0.852676830802136,0.23082782920041742,1,496.9201346599026,2.937395119789193
569,453,1.9478470087051392,78.8101987679994,17.83218638974182,29,40,1135.016410316457,0.45906510949134827,49,22,2,0.029361327463965223,0.6775522990777592,0.1831769520363,1,491.0109569448739,1.7892891228366723
541,454,0.9741548299789429,78.78432728781672,17.8230235738438,35,40,1151.2951368041395,0.5139954090118408,42,23,2,0.0303060877726832,0.51347804476261,0.12061067734344122,1,496.9201346599026,0.9326616215981303
558,455,3.0635697841644287,78.79564606039662,17.83029992764517,28,40,1151.2951368041395,0.24555501341819763,47,25,2,0.031018166932415797,0.8122892698610581,0.5215472601389805,1,496.9201346599026,6.529908679966937
557,456,1.3448868989944458,78.79968847917519,17.82167610091762,31,40,1151.2951368041395,0.18623854219913483,48,21,2,0.02886624257519492,0.5841981224541278,0.6327229115602535,1,496.9201346599026,5.302132407724152
564,457,4.7279486656188965,78.7999579737604,17.843505162321726,31,40,1151.2951368041395,0.472200870513916,46,23,2,0.03003330628227257,0.9667584322462117,0.16707367704208997,1,496.9201346599026,2.4105477512682847
551,458,0.974249005317688,78.78271032030534,17.840271227298892,33,40,1151.2951368041395,0.29209619760513306,44,23,2,0.0301580557278245,0.5134979039826013,0.43812867669482064,1,496.9201346599026,3.37155531049609
552,459,0.9274099469184875,78.78836970659529,17.83191689515658,35,40,1151.2951368041395,0.2398044615983963,43,22,2,0.029700982967947452,0.5034748895187708,0.5321115934582212,1,496.9201346599026,3.9540117315522156
562,460,3.3930253982543945,78.80292241419801,17.841618700225077,29,40,1135.016410316457,0.39991137385368347,48,23,2,0.029932318980145325,0.8462370324818288,0.2637269375534163,1,491.0109569448739,3.2800318941350617
546,461,4.183082103729248,78.78297981489055,17.824640541355215,35,40,1151.2951368041395,0.2618147134780884,42,23,2,0.0303060877726832,0.9203680548396427,0.49196540693407087,1,496.9201346599026,6.81887254953786
566,462,2.094351053237915,78.79968847917519,17.83218638974182,30,10,1151.2951368041395,0.7520116567611694,47,23,2,0.0299798071680585,0.6975111107349363,0.0023230014433593183,1,496.9201346599026,0.024138820147595125
566,463,0.9274099469184875,78.80885129507317,17.82760498179281,30,40,1135.016410316457,0.7149556279182434,48,22,2,0.029403054202064658,0.5034748895187708,0.006628004783599112,1,491.0109569448739,0.048177499603970504
556,464,4.028982162475586,78.78702223366906,17.841349205639837,34,40,1151.2951368041395,0.4780701696872711,43,23,2,0.03022918644166058,0.9066063216357612,0.16010383093394165,1,496.9201346599026,2.1803866795658204
568,465,2.7802884578704834,78.80965977882892,17.84862555944121,30,40,1135.016410316457,0.591076672077179,48,22,1,0.030676139869013505,0.781315268995993,0.055526638077273156,1,491.0109569448739,0.6534608659162453
561,466,2.0943806171417236,78.79834100624902,17.84377465690696,31,30,1151.2951368041395,0.3997809588909149,46,23,2,0.03003330628227257,0.6975150526613462,0.2639179862165326,1,496.9201346599026,2.74733938663462
571,467,2.688368082046509,78.80777331673227,17.831108411400876,29,40,1135.016410316457,0.40753939747810364,50,21,2,0.02878838504314994,0.7708626166799771,0.25264955914466014,1,491.0109569448739,2.752986082811223
569,468,2.157172441482544,78.80615634922083,17.84458314066267,25,40,1135.016410316457,0.18523316085338593,53,22,2,0.029256845100499883,0.7058135599850864,0.6346446869535362,1,491.0109569448739,6.434863253904774
549,469,1.8543341159820557,78.78163234196438,17.84242718398078,36,40,1151.2951368041395,0.35827919840812683,43,21,2,0.0291647474832591,0.6643390891346169,0.3273844273619371,1,496.9201346599026,3.152046669250179
549,470,2.157060146331787,78.78432728781672,17.832994873497526,33,40,1151.2951368041395,0.5359377264976501,45,22,2,0.029564222483894002,0.7057988489452269,0.0992844403803225,1,496.9201346599026,1.0294735529080097
565,471,2.945512056350708,78.80804281131748,17.826527003451865,31,40,1135.016410316457,0.5933054685592651,48,21,2,0.02886624257519492,0.7995974448176595,0.05405810314643091,1,491.0109569448739,0.6126516967392631
555,472,1.3449110984802246,78.79537656581141,17.827874476378042,32,40,1151.2951368041395,0.23365433514118195,46,22,2,0.02950457576222098,0.5842023287296353,0.5434658731038239,1,496.9201346599026,4.65491259064599
559,473,2.156961441040039,78.8101987679994,17.8230235738438,33,40,1135.016410316457,0.16568830609321594,45,22,2,0.029564222483894002,0.7057859178442639,0.6722092347304053,1,491.0109569448739,6.887079698624898
553,474,1.8543341159820557,78.79268161995907,17.83407285183847,34,40,1151.2951368041395,0.2835688889026642,45,21,2,0.02902787435560302,0.6643390891346169,0.4531123238913694,1,496.9201346599026,4.342076892475607
557,475,0.0,78.78971717952146,17.84000173271366,33,40,1151.2951368041395,0.35194507241249084,44,23,2,0.0301580557278245,0.16531147321376102,0.3375106696061618,1,496.9201346599026,0.8361427653754563
554,476,1.3449077606201172,78.79187313620332,17.827065992622337,32,10,1151.2951368041395,0.38511326909065247,46,22,2,0.02950457576222098,0.5842017485563991,0.2857518273224864,1,496.9201346599026,2.4475289501266424
566,477,0.9741746187210083,78.80696483297652,17.826796498037105,31,40,1135.016410316457,0.2716144025325775,48,21,2,0.02886624257519492,0.5134822178081507,0.4743554286234873,1,491.0109569448739,3.45231745307263
548,478,0.0,78.79052566327715,17.822754079258566,33,40,1151.2951368041395,0.23349300026893616,44,23,2,0.0301580557278245,0.16531147321376102,0.5437644862886134,1,496.9201346599026,1.3471122018420036
554,479,1.3449969291687012,78.79429858747045,17.849434043196915,31,30,1151.2951368041395,-0.18184663355350494,47,22,2,0.029450829852146646,0.584217247173703,1.360337795906118,1,496.9201346599026,11.630684356898596
552,480,1.3449649810791016,78.78567476074289,17.841349205639837,32,40,1151.2951368041395,0.18576787412166595,45,23,2,0.03009274375958627,0.5842116942639419,0.6336224536435386,1,496.9201346599026,5.535402255269779
568,481,2.9203150272369385,78.80346140336849,17.829221949304227,28,40,1135.016410316457,0.5524595379829407,51,21,2,0.028758681854367137,0.7968495775854834,0.08468052125597418,1,491.0109569448739,0.9528401073934536
556,482,0.9274099469184875,78.79160364161811,17.828952454718987,32,40,1151.2951368041395,0.610925555229187,46,22,2,0.02950457576222098,0.5034748895187708,0.04326529652364277,1,496.9201346599026,0.3193695221477907
549,483,3.704791784286499,78.78432728781672,17.84862555944121,33,40,1151.2951368041395,0.6100063323974609,43,24,2,0.030750211314657515,0.8766006888617621,0.04379268889246022,1,496.9201346599026,0.5865946778501164
551,484,2.094336748123169,78.78783071742481,17.826796498037105,32,40,1151.2951368041395,0.2512965202331543,46,22,2,0.02950457576222098,0.6975092033392465,0.5110517104896394,1,496.9201346599026,5.226256939108576
555,485,1.9478833675384521,78.79375959829997,17.835420324764648,34,30,1151.2951368041395,0.2296098917722702,45,21,2,0.02902787435560302,0.6775573618706585,0.5509631606533317,1,496.9201346599026,5.384810924052301
552,486,2.1570656299591064,78.79052566327715,17.833533862668,35,40,1151.2951368041395,0.2631579041481018,44,21,2,0.029093435025731893,0.7057995673293542,0.4895416425855192,1,496.9201346599026,4.995197035511832
554,487,1.3448923826217651,78.7961850495671,17.8230235738438,32,40,1151.2951368041395,0.4586864411830902,45,23,2,0.03009274375958627,0.5841990756042754,0.1836513334153725,1,496.9201346599026,1.604365567626593
562,488,0.9743022322654724,78.80561736005035,17.849973032367387,29,40,1135.016410316457,0.5578747391700745,48,23,2,0.029932318980145325,0.5135091277035682,0.08017007941385353,1,491.0109569448739,0.6050510650088531
567,489,4.712328910827637,78.80561736005035,17.825988014281393,30,40,1135.016410316457,0.35788479447364807,49,21,2,0.028824270516558635,0.965473808778919,0.328011742739516,1,491.0109569448739,4.482077864132009
569,490,1.947877287864685,78.80804281131748,17.834881335594176,27,40,1135.016410316457,0.2921404242515564,51,22,2,0.02929638550757629,0.6775565153092242,0.4380513452724778,1,491.0109569448739,4.269487727603052
559,491,2.0943784713745117,78.79456808205572,17.842966173151254,33,30,1151.2951368041395,0.3500227630138397,45,22,2,0.029564222483894002,0.6975147665549039,0.34060533933688075,1,496.9201346599026,3.4902610760795776
555,492,1.8543341159820557,78.79456808205572,17.82760498179281,32,40,1151.2951368041395,0.6742268204689026,46,22,2,0.02950457576222098,0.6643390891346169,0.01593494449460894,1,496.9201346599026,0.15520879615976207
560,493,2.1571366786956787,78.80049696293088,17.840810216469364,33,40,1135.016410316457,0.5645495057106018,46,21,2,0.02896811539631949,0.7058088749902226,0.07479946036007684,1,491.0109569448739,0.7509257639177007
570,494,3.3930375576019287,78.80777331673227,17.843505162321726,26,40,1135.016410316457,0.2247946411371231,51,23,2,0.029826789585390038,0.8462382483613848,0.5599199089539402,1,491.0109569448739,6.9393094480127635
566,495,1.3449891805648804,78.80400039253897,17.847547581100265,30,40,1135.016410316457,0.30973172187805176,46,24,2,0.030555158406844272,0.5842159003931467,0.40761825975761606,1,491.0109569448739,3.572750810931301
547,496,2.688458204269409,78.78244082572007,17.84242718398078,33,40,1151.2951368041395,0.2979872226715088,44,23,2,0.0301580557278245,0.7708729684211698,0.4278635278859313,1,496.9201346599026,4.942856681827787
561,497,0.97416090965271,78.80777331673227,17.824101552184743,32,40,1135.016410316457,0.3182028532028198,47,21,1,0.030166136097587237,0.5134793268482751,0.3932051341438027,1,491.0109569448739,2.990563391503507
551,498,1.947737693786621,78.79375959829997,17.822215090088093,33,40,1151.2951368041395,0.18058961629867554,45,22,2,0.029564222483894002,0.6775370771599496,0.6435346426319305,1,496.9201346599026,6.40557400605965
549,499,0.9742900729179382,78.78297981489055,17.847817075685498,34,40,1151.2951368041395,0.5893512964248657,43,23,2,0.03022918644166058,0.5135065637504371,0.05667948755431874,1,496.9201346599026,0.43720484666288
543,500,3.8300459384918213,78.78163234196438,17.8297609384747,35,40,1151.2951368041395,0.245804101228714,41,24,2,0.030909323379618,0.8883713821577319,0.5210908300243438,1,496.9201346599026,7.110237098212178
566,501,1.8543341159820557,78.80858180048796,17.849434043196915,29,30,1135.016410316457,0.6379410028457642,49,22,2,0.029361327463965223,0.6643390891346169,0.02948240578312205,1,491.0109569448739,0.2823706777922211
557,502,2.945531129837036,78.79672403873758,17.837037292276065,30,40,1151.2951368041395,0.4181916117668152,47,23,2,0.0299798071680585,0.7995995195653458,0.23750707571583932,1,496.9201346599026,2.8292055824238793
564,503,1.9477893114089966,78.80912078965844,17.827065992622337,28,40,1135.016410316457,0.6144578456878662,51,21,2,0.028758681854367137,0.6775442648903783,0.04127492140944127,1,491.0109569448739,0.39489723098789353
567,504,1.3449275493621826,78.8112767463403,17.83191689515658,29,40,1135.016410316457,0.5260372757911682,49,22,2,0.029361327463965223,0.5842051881422674,0.10863722843238818,1,491.0109569448739,0.9149786428951876
571,505,1.947834849357605,78.8064258438061,17.831108411400876,30,10,1135.016410316457,0.8109846711158752,49,21,2,0.028824270516558635,0.6775506059344059,0.00018760865342535283,1,491.0109569448739,0.001799053642117373
559,506,1.3449738025665283,78.7961850495671,17.843505162321726,32,30,1151.2951368041395,0.25916117429733276,46,22,2,0.02950457576222098,0.5842132275379677,0.4967628510399655,1,496.9201346599026,4.25496963827764
552,507,0.9742839932441711,78.78594425532816,17.846739097344553,34,40,1151.2951368041395,0.27716580033302307,43,23,2,0.03022918644166058,0.5135052817666775,0.46445702733879946,1,496.9201346599026,3.5826427730549097
547,508,0.9274099469184875,78.78729172825433,17.824640541355215,32,40,1151.2951368041395,0.46544307470321655,46,22,2,0.02950457576222098,0.5034748895187708,0.17527198492527407,1,496.9201346599026,1.2937974443533653
545,509,0.9741578698158264,78.78890869576577,17.82356256301427,33,40,1151.2951368041395,0.36553236842155457,44,23,2,0.0301580557278245,0.5134786858060423,0.3159254321353636,1,496.9201346599026,2.4310670823531613
567,510,2.6884031295776367,78.80157494127184,17.835420324764648,29,60,1135.016410316457,0.10100030153989792,49,22,1,0.03063260645764,0.7708666423817032,0.7987599225568779,1,491.0109569448739,9.261272313312688
557,511,1.344984769821167,78.79726302790806,17.84646960275932,31,40,1151.2951368041395,0.34243354201316833,45,24,2,0.030614290023118454,0.5842151337621386,0.35291866187171245,1,496.9201346599026,3.1365933200480223
569,512,4.183111667633057,78.807503822147,17.830569422230404,29,10,1135.016410316457,0.7797164916992188,50,21,2,0.02878838504314994,0.9203706659809496,0.0008424392968605793,1,491.0109569448739,0.010959982775998052
573,513,2.1571505069732666,78.81100725175509,17.84215768939555,26,40,1135.016410316457,0.3193875253200531,51,23,2,0.029826789585390038,0.705810686527075,0.39120258125092744,1,491.0109569448739,4.043781074385998
566,514,1.3449925184249878,78.80426988712418,17.84835606485597,30,40,1135.016410316457,0.3342132866382599,46,24,2,0.030555158406844272,0.5842164805453409,0.36642367854316654,1,491.0109569448739,3.2116858441825604
561,515,1.8543341159820557,78.80480887629466,17.82167610091762,30,40,1135.016410316457,0.29005181789398193,47,23,2,0.0299798071680585,0.6643390891346169,0.4417076640698904,1,491.0109569448739,4.3196122102897085
548,516,2.1570382118225098,78.78621374991337,17.830838916815637,33,40,1151.2951368041395,0.4557150900363922,45,22,2,0.029564222483894002,0.7057959753978011,0.18739321561995215,1,496.9201346599026,1.9430594895630748
548,517,0.9741958379745483,78.78621374991337,17.830569422230404,33,40,1151.2951368041395,0.5901603102684021,45,22,2,0.029564222483894002,0.513486692463169,0.05613718528051468,1,496.9201346599026,0.42347997846022684
564,518,0.0,78.80346140336849,17.826257508866632,31,30,1135.016410316457,0.25380831956863403,47,22,2,0.029450829852146646,0.16531147321376102,0.5064769494773289,1,491.0109569448739,1.2107414230652744
556,519,2.9455506801605225,78.79483757664093,17.847817075685498,32,40,1151.2951368041395,0.5268589854240417,46,22,2,0.02950457576222098,0.7996016461734176,0.1078439934090645,1,496.9201346599026,1.264286816798691
562,520,1.3449077606201172,78.80076645751615,17.827065992622337,31,40,1135.016410316457,0.33463749289512634,48,21,2,0.02886624257519492,0.5842017485563991,0.3657225763374714,1,491.0109569448739,3.0282802448521493
546,521,2.15695858001709,78.78594425532816,17.822754079258566,32,10,1151.2951368041395,0.2803076505661011,45,23,2,0.03009274375958627,0.7057855430244687,0.4588806113995392,1,496.9201346599026,4.843071133632746
565,522,0.0,78.80211393044232,17.847817075685498,30,40,1135.016410316457,0.2201150804758072,47,23,2,0.0299798071680585,0.16531147321376102,0.5686552447481946,1,491.0109569448739,1.3837959777362738
547,523,0.9741730690002441,78.78378829864624,17.826527003451865,34,40,1151.2951368041395,0.48508220911026,44,22,2,0.029629709159312897,0.5134818910052137,0.1519634626441189,1,496.9201346599026,1.1488895931289111
553,524,1.344948410987854,78.78836970659529,17.837306786861298,32,40,1151.2951368041395,0.26595616340637207,45,23,2,0.03009274375958627,0.584208814178876,0.4845023887110574,1,496.9201346599026,4.232650497547457
548,525,1.344893455505371,78.79079515786242,17.823293068429038,33,40,1151.2951368041395,0.49820587038993835,44,23,2,0.0301580557278245,0.5841992620899014,0.13728471727572183,1,496.9201346599026,1.2019132734304534
560,526,2.094372034072876,78.80211393044232,17.840540721884132,33,40,1135.016410316457,0.6832184195518494,46,21,2,0.02896811539631949,0.6975139082345253,0.01338663582915742,1,491.0109569448739,0.13281151968784083
553,527,2.094351053237915,78.79079515786242,17.83218638974182,35,40,1151.2951368041395,0.2178092896938324,44,21,2,0.029093435025731893,0.6975111107349363,0.5729704193935766,1,496.9201346599026,5.777832219742561
562,528,0.9274099469184875,78.80184443585705,17.840271227298892,31,40,1135.016410316457,0.6639004349708557,48,21,2,0.02886624257519492,0.5034748895187708,0.01924281299952533,1,491.0109569448739,0.13731810930423102
556,529,2.094370126724243,78.79591555498189,17.839732238128427,31,30,1151.2951368041395,0.2083083838224411,47,22,2,0.029450829852146646,0.6975136539170732,0.5908245503875369,1,496.9201346599026,6.0310840018512195
543,530,3.457509994506836,78.78513577157241,17.82356256301427,32,30,1151.2951368041395,0.4817575514316559,45,23,2,0.03009274375958627,0.8526491537712773,0.15579759634312446,1,496.9201346599026,1.9864585152986445
564,531,2.094331979751587,78.80453938170945,17.824640541355215,32,40,1135.016410316457,0.36219704151153564,46,22,1,0.030782057082840122,0.6975085675389523,0.32117642519441,1,491.0109569448739,3.3859616050554564
546,532,2.094327688217163,78.78594425532816,17.8230235738438,32,10,1151.2951368041395,0.5804216861724854,45,23,2,0.03009274375958627,0.6975079953179476,0.06286972257275339,1,496.9201346599026,0.6557512323714837
559,533,1.8543341159820557,78.79591555498189,17.83218638974182,29,40,1151.2951368041395,0.22529645264148712,48,23,2,0.029932318980145325,0.6643390891346169,0.558984974056024,1,496.9201346599026,5.523532319917745
558,534,0.9274099469184875,78.79834100624902,17.824640541355215,31,40,1151.2951368041395,0.24048572778701782,47,22,2,0.029450829852146646,0.5034748895187708,0.5308573669911114,1,496.9201346599026,3.9114681191839025
555,535,0.9274099469184875,78.78810021201002,17.838923754372715,31,40,1151.2951368041395,0.29648759961128235,45,24,2,0.030614290023118454,0.5034748895187708,0.43046980132606893,1,496.9201346599026,3.2970937153405675
566,536,1.9477802515029907,78.80426988712418,17.825988014281393,31,40,1135.016410316457,0.540513813495636,47,22,2,0.029450829852146646,0.6775430033108335,0.0951131562403118,1,491.0109569448739,0.931893277077167
550,537,0.9274099469184875,78.78378829864624,17.83622880852036,31,30,1151.2951368041395,0.43256688117980957,46,23,2,0.03003330628227257,0.5034748895187708,0.21769844310179726,1,496.9201346599026,1.6357724059354455
559,538,2.094338893890381,78.79887999541944,17.82760498179281,31,40,1151.2951368041395,0.3205394148826599,47,22,2,0.029450829852146646,0.6975094894490965,0.38925857764670224,1,496.9201346599026,3.9734929128497822
556,539,0.9742231965065002,78.79402909288524,17.835689819349888,34,30,1151.2951368041395,0.40419161319732666,45,21,2,0.02902787435560302,0.5134924616652838,0.25748755259349926,1,496.9201346599026,1.9071820055989426
571,540,0.0,78.80804281131748,17.83164740057135,29,40,1135.016410316457,0.3702901601791382,48,23,2,0.029932318980145325,0.16531147321376102,0.30848995999522255,1,491.0109569448739,0.7495068022506483
558,541,1.3449153900146484,78.79483757664093,17.828952454718987,32,40,1151.2951368041395,0.3650622069835663,46,22,2,0.02950457576222098,0.5842030746653856,0.3166637236937309,1,496.9201346599026,2.7123024820807955
547,542,2.0943961143493652,78.78324930947576,17.849973032367387,33,40,1151.2951368041395,0.25395113229751587,43,24,2,0.030750211314657515,0.6975171189804488,0.5062171564370486,1,496.9201346599026,5.395434562125704
559,543,0.9742308259010315,78.79941898458992,17.837037292276065,31,40,1151.2951368041395,0.4464441239833832,47,22,2,0.029450829852146646,0.5134940704886403,0.19928790660654788,1,496.9201346599026,1.4976161304014266
554,544,0.9742444753646851,78.79079515786242,17.839462743543187,33,40,1151.2951368041395,0.23596569895744324,44,23,2,0.0301580557278245,0.513496948755331,0.5391920185463379,1,496.9201346599026,4.14926579439831
557,545,0.9274099469184875,78.79564606039662,17.83595931393512,31,40,1151.2951368041395,0.31691449880599976,46,23,2,0.03003330628227257,0.5034748895187708,0.3953866392381614,1,496.9201346599026,2.9709103332397593
547,546,1.3449054956436157,78.78513577157241,17.826257508866632,34,40,1151.2951368041395,0.4302848279476166,44,22,2,0.029629709159312897,0.584201354866926,0.22079378044466375,1,496.9201346599026,1.8991679743761014
543,547,2.688326358795166,78.78244082572007,17.82571851969616,34,40,1151.2951368041395,0.20348916947841644,44,22,2,0.029629709159312897,0.7708578241371059,0.5999245277174758,1,496.9201346599026,6.809024327975002
554,548,1.8543341159820557,78.78783071742481,17.838654259787482,31,40,1151.2951368041395,0.23660345375537872,45,24,2,0.030614290023118454,0.6643390891346169,0.5380141702609478,1,496.9201346599026,5.437437867491263
563,549,4.183104515075684,78.79941898458992,17.829221949304227,30,40,1151.2951368041395,0.588700532913208,48,22,1,0.030676139869013505,0.9203700342542149,0.05711794242211678,1,496.9201346599026,0.8013501603227486
571,550,1.34491765499115,78.80507837087987,17.82949144388946,30,10,1135.016410316457,0.7359652519226074,49,21,2,0.028824270516558635,0.5842034683531233,0.003792383467264645,1,491.0109569448739,0.03135637749147406
562,551,1.9477832317352295,78.8104682625846,17.826257508866632,32,40,1135.016410316457,0.3871006965637207,47,21,2,0.028914216017125644,0.6775434183044922,0.2827537849240346,1,491.0109569448739,2.7198701000413306
546,552,4.183082103729248,78.78297981489055,17.824640541355215,34,40,1151.2951368041395,0.24898739159107208,44,22,2,0.029629709159312897,0.9203680548396427,0.5152664488522869,1,496.9201346599026,6.982442752599211
555,553,2.9455151557922363,78.78971717952146,17.828143970963282,32,40,1151.2951368041395,0.18782925605773926,45,23,2,0.03009274375958627,0.7995977819647033,0.6296845020643362,1,496.9201346599026,7.529098286978283
572,554,1.947862148284912,78.807503822147,17.833533862668,29,40,1135.016410316457,0.3988385498523712,48,23,2,0.029932318980145325,0.677554407198392,0.26530019075789446,1,491.0109569448739,2.64188120404514
556,555,2.6884140968322754,78.79537656581141,17.837037292276065,31,40,1151.2951368041395,0.6358924508094788,46,23,2,0.03003330628227257,0.77086790211867,0.030413078751079133,1,496.9201346599026,0.34988883833794704
563,556,2.6883087158203125,78.80615634922083,17.82356256301427,31,40,1135.016410316457,0.2824375629425049,46,23,2,0.03003330628227257,0.7708557975627734,0.4551110145209598,1,491.0109569448739,5.173504343556745
553,557,3.0637779235839844,78.78998667410667,17.843505162321726,32,40,1151.2951368041395,0.20048701763153076,45,23,2,0.03009274375958627,0.8123113863691684,0.6056077030917394,1,496.9201346599026,7.356348796254217
555,558,0.9274099469184875,78.78648324449864,17.841618700225077,32,40,1151.2951368041395,0.23543596267700195,45,23,2,0.03009274375958627,0.5034748895187708,0.5401708329301844,1,496.9201346599026,4.066842251885271
568,559,0.9274099469184875,78.80453938170945,17.845661119003616,29,40,1135.016410316457,0.24281981587409973,47,24,2,0.030501999286773482,0.5034748895187708,0.5265656759591005,1,491.0109569448739,3.970542524998213
565,560,2.157109260559082,78.80777331673227,17.83811527061701,29,40,1135.016410316457,0.35438671708106995,48,23,2,0.029932318980145325,0.7058052831293856,0.3335942996363425,1,491.0109569448739,3.4604698844202635
555,561,3.8300609588623047,78.79699353332279,17.840540721884132,32,40,1151.2951368041395,0.6239316463470459,46,22,2,0.02950457576222098,0.8883727798940373,0.036218612487516504,1,496.9201346599026,0.47174034522303715
561,562,2.0943644046783447,78.80184443585705,17.837576281446538,31,40,1135.016410316457,0.39884036779403687,47,22,2,0.029450829852146646,0.697512890963886,0.2652975216607344,1,491.0109569448739,2.67592632160953
554,563,0.974300742149353,78.79456808205572,17.849703537782148,31,30,1151.2951368041395,-0.17810723185539246,47,22,2,0.029450829852146646,0.513508813494657,1.353050488704682,1,496.9201346599026,10.168245783126688
544,564,2.094331979751587,78.7819018365496,17.824640541355215,37,40,1151.2951368041395,0.1995709389448166,40,23,2,0.030477045131687357,0.6975085675389523,0.6073440145369247,1,496.9201346599026,6.415695666341947
551,565,3.830049514770508,78.7886392011805,17.83218638974182,35,40,1151.2951368041395,0.27703964710235596,43,22,2,0.029700982967947452,0.888371714952385,0.4646813254322453,1,496.9201346599026,6.092665834109829
552,566,1.3449440002441406,78.79025616869194,17.83622880852036,31,40,1151.2951368041395,0.5700934529304504,46,23,2,0.03003330628227257,0.584208047533945,0.0704977941158113,1,496.9201346599026,0.6146569584046299
570,567,1.3449352979660034,78.80211393044232,17.833803357253238,29,10,1135.016410316457,0.7427791357040405,49,22,1,0.03063260645764,0.5842065349597985,0.0031028972173111837,1,491.0109569448739,0.027265215564812265
560,568,2.0943284034729004,78.81100725175509,17.823293068429038,33,40,1135.016410316457,0.34097766876220703,45,22,2,0.029564222483894002,0.6975080906881637,0.3552979567138574,1,491.0109569448739,3.5974900784697588
554,569,1.9479107856750488,78.79429858747045,17.83811527061701,31,40,1151.2951368041395,0.5137686729431152,46,23,2,0.03003330628227257,0.6775611796770994,0.12084234735546485,1,496.9201346599026,1.2219611756172684
567,570,0.9742748737335205,78.80426988712418,17.845122129833143,29,40,1135.016410316457,0.20909273624420166,47,24,2,0.030501999286773482,0.5135033587820452,0.5893462106347349,1,491.0109569448739,4.532452633782558
569,571,1.8543341159820557,78.80939028424365,17.83407285183847,27,40,1135.016410316457,0.2843224108219147,50,23,2,0.02985571290986813,0.6643390891346169,0.4517824764704449,1,491.0109569448739,4.399849464577874
565,572,1.344931960105896,78.79861050083423,17.832994873497526,30,30,1151.2951368041395,0.30556419491767883,47,23,2,0.0299798071680585,0.5842059547928166,0.41476805043854653,1,496.9201346599026,3.609829619332741
551,573,0.9742550849914551,78.78217133113486,17.841349205639837,33,40,1151.2951368041395,0.3586263954639435,44,23,2,0.0301580557278245,0.513499185993963,0.3268325525885891,1,496.9201346599026,2.515098504282371
557,574,2.9455366134643555,78.7924121253738,17.84000173271366,33,40,1151.2951368041395,0.3229351341724396,44,23,2,0.0301580557278245,0.7996001160538243,0.38522537650534666,1,496.9201346599026,4.616126167549945
568,575,2.094379186630249,78.80885129507317,17.843235667736487,26,40,1135.016410316457,0.47634339332580566,51,23,2,0.029826789585390038,0.6975148619237375,0.1621397281831812,1,491.0109569448739,1.6563060956117197
561,576,2.094324827194214,78.8064258438061,17.821945595502854,30,40,1135.016410316457,0.22146908938884735,47,23,2,0.0299798071680585,0.6975076138368883,0.5661246299384325,1,491.0109569448739,5.812741651704788
546,577,2.094338893890381,78.78163234196438,17.82760498179281,37,40,1151.2951368041395,0.17921622097492218,40,23,2,0.030477045131687357,0.6975094894490965,0.6461682705261292,1,496.9201346599026,6.8258258138022665
557,578,1.9479745626449585,78.79079515786242,17.84377465690696,32,40,1151.2951368041395,0.2971213459968567,45,23,2,0.03009274375958627,0.6775700601025224,0.42936780643022965,1,496.9201346599026,4.350428819235213
561,579,2.9455037117004395,78.80992927341413,17.82167610091762,31,60,1135.016410316457,0.2744898200035095,45,24,2,0.030614290023118454,0.7995965371130299,0.4692212736928801,1,491.0109569448739,5.6398035214725075
553,580,4.028933048248291,78.78540526615768,17.837306786861298,35,40,1151.2951368041395,0.5036023259162903,44,21,2,0.029093435025731893,0.9066018863166361,0.131463275240633,1,496.9201346599026,1.7230689698107322
553,581,0.9274099469184875,78.7848662769872,17.838384765202242,33,40,1151.2951368041395,0.26111742854118347,45,22,1,0.030844286372498107,0.5034748895187708,0.49322488138385295,1,496.9201346599026,3.8061343424945604
571,582,1.344933032989502,78.80211393044232,17.833264368082766,29,10,1135.016410316457,0.8197333216667175,49,22,2,0.029361327463965223,0.5842061412751549,0.00011226214533935832,1,491.0109569448739,0.0009455104337363883
558,583,2.9455456733703613,78.79645454415237,17.845122129833143,31,40,1151.2951368041395,0.4311565160751343,45,24,2,0.030614290023118454,0.7996011015550782,0.21960921305417969,1,496.9201346599026,2.6713741912196185
566,584,2.945551633834839,78.80453938170945,17.84835606485597,30,40,1135.016410316457,0.3401559591293335,46,24,2,0.030555158406844272,0.7996017499101815,0.35664326113204575,1,491.0109569448739,4.278420646074195
566,585,0.9274099469184875,78.80238342502753,17.835689819349888,29,60,1135.016410316457,0.14789138734340668,49,22,1,0.03063260645764,0.5034748895187708,0.7067214845414913,1,491.0109569448739,5.351816873773828
560,586,2.094374179840088,78.80292241419801,17.841349205639837,29,40,1135.016410316457,0.3063402771949768,48,23,2,0.029932318980145325,0.6975141943414933,0.41343371518846694,1,491.0109569448739,4.23828823144521
557,587,3.89128041267395,78.79645454415237,17.83595931393512,30,40,1151.2951368041395,0.37748345732688904,47,23,2,0.0299798071680585,0.8940428524213543,0.2973735971751618,1,496.9201346599026,3.9607385114008564
551,588,1.9478166103363037,78.78729172825433,17.82949144388946,34,40,1151.2951368041395,0.28389278054237366,45,21,2,0.02902787435560302,0.6775480662075221,0.45254057020846133,1,496.9201346599026,4.422821974433443
563,589,0.9274099469184875,78.79941898458992,17.835150830179415,31,30,1151.2951368041395,0.5591248869895935,47,22,2,0.029450829852146646,0.5034748895187708,0.07914829244540465,1,496.9201346599026,0.5831811741499823
565,590,2.688319683074951,78.80292241419801,17.824910035940448,31,30,1135.016410316457,0.4455186724662781,47,22,2,0.029450829852146646,0.7708570573261292,0.2004932931305166,1,491.0109569448739,2.234922265656946
567,591,1.3449429273605347,78.80453938170945,17.83595931393512,27,40,1135.016410316457,0.2632612884044647,51,22,2,0.02929638550757629,0.5842078610525178,0.48935521789997916,1,491.0109569448739,4.112414155218763
551,592,1.3449957370758057,78.79106465244763,17.849164548611675,32,40,1151.2951368041395,0.22187651693820953,46,22,2,0.02950457576222098,0.584217039976997,0.5653636451042914,1,496.9201346599026,4.84259408264072
550,593,3.063535213470459,78.78567476074289,17.828143970963282,33,40,1151.2951368041395,0.5638649463653564,45,22,2,0.029564222483894002,0.8122855963566903,0.07534064586986293,1,496.9201346599026,0.899065116235493
565,594,2.9455151557922363,78.80912078965844,17.828143970963282,30,40,1135.016410316457,0.6785994172096252,48,22,2,0.029403054202064658,0.7995977819647033,0.014658072459433976,1,491.0109569448739,0.16921235625947725
569,595,2.157010793685913,78.80615634922083,17.828143970963282,28,30,1135.016410316457,0.4745405316352844,51,21,2,0.028758681854367137,0.7057923834389573,0.16427840252912532,1,491.0109569448739,1.6372597989976212
558,596,0.9742140769958496,78.79483757664093,17.833803357253238,34,40,1151.2951368041395,0.48621153831481934,45,21,2,0.02902787435560302,0.513490538608705,0.1506716042066992,1,496.9201346599026,1.116003834871819
550,597,3.0638601779937744,78.79052566327715,17.848895054026443,32,40,1151.2951368041395,0.5129740834236145,46,22,2,0.02950457576222098,0.8123201263233377,0.12165602995884317,1,496.9201346599026,1.4488946945000014
555,598,0.0,78.79699353332279,17.825179530525688,32,40,1151.2951368041395,0.5959879755973816,46,22,2,0.02950457576222098,0.16531147321376102,0.05232151004881204,1,496.9201346599026,0.1268116736996786
556,599,1.3449738025665283,78.7886392011805,17.843505162321726,34,10,1151.2951368041395,0.39542683959007263,43,23,2,0.03022918644166058,0.5842132275379677,0.2703280471402984,1,496.9201346599026,2.3723324333319726
556,600,1.344895601272583,78.79672403873758,17.82383205759951,32,40,1151.2951368041395,0.3654073476791382,45,23,2,0.03009274375958627,0.5841996350608862,0.31612168997222984,1,496.9201346599026,2.7616202443722995
574,601,1.3449286222457886,78.80426988712418,17.83218638974182,28,10,1135.016410316457,0.7392241358757019,51,21,2,0.028758681854367137,0.584205374624972,0.0034498606945136162,1,491.0109569448739,0.028459500059008304
558,602,2.688422918319702,78.80238342502753,17.83811527061701,31,40,1135.016410316457,0.6874836683273315,47,22,2,0.029450829852146646,0.7708689153831362,0.012281446809710708,1,491.0109569448739,0.13690483473735207
557,603,2.7802884578704834,78.7924121253738,17.845661119003616,33,40,1151.2951368041395,0.33513393998146057,45,22,2,0.029564222483894002,0.781315268995993,0.36490264977122866,1,496.9201346599026,4.188479409802233
566,604,1.8543341159820557,78.80049696293088,17.830569422230404,30,30,1135.016410316457,0.5058498978614807,48,22,2,0.029403054202064658,0.6643390891346169,0.12907608971909493,1,491.0109569448739,1.2379959815443868
549,605,0.9274099469184875,78.78136284737911,17.840540721884132,36,40,1151.2951368041395,0.2675635516643524,43,21,2,0.0291647474832591,0.5034748895187708,0.4816139909592356,1,496.9201346599026,3.5141615676055817
562,606,0.9274099469184875,78.80022746834567,17.837037292276065,31,30,1151.2951368041395,0.3308439552783966,47,22,2,0.029450829852146646,0.5034748895187708,0.3720081661589982,1,496.9201346599026,2.7410339810379862
544,607,2.1569833755493164,78.78163234196438,17.825179530525688,37,40,1151.2951368041395,0.2112753838300705,39,24,2,0.03109130237744067,0.7057887914528223,0.585236469378028,1,496.9201346599026,6.381630393891362
549,608,3.0636348724365234,78.7886392011805,17.834342346423703,35,40,1151.2951368041395,0.5965181589126587,44,21,2,0.029093435025731893,0.8122961861160932,0.05198227064534669,1,496.9201346599026,0.6104516266604777
562,609,0.9741776585578918,78.79941898458992,17.827335487207577,31,40,1151.2951368041395,0.29994240403175354,47,22,2,0.029450829852146646,0.5134828588437759,0.4244726131331222,1,496.9201346599026,3.189772843411163
551,610,2.1570982933044434,78.79214263078859,17.837037292276065,32,40,1151.2951368041395,0.3916349411010742,45,23,2,0.03009274375958627,0.7058038463774099,0.27595988046781716,1,496.9201346599026,2.912583268117589
565,611,0.9742977023124695,78.80939028424365,17.849164548611675,30,40,1135.016410316457,0.5337055325508118,48,22,1,0.030676139869013505,0.5135081725075852,0.10135407799019905,1,491.0109569448739,0.7839357676223028
562,612,0.9274099469184875,78.80588685463562,17.822754079258566,31,40,1135.016410316457,0.23711343109607697,46,23,2,0.03003330628227257,0.5034748895187708,0.5370727485996114,1,491.0109569448739,3.9875419086222936
561,613,2.6884756088256836,78.79914949000471,17.844852635247904,31,40,1151.2951368041395,0.3975691497325897,46,23,2,0.03003330628227257,0.7708749675431092,0.26716653134097273,1,496.9201346599026,3.073659356915727
554,614,0.9274099469184875,78.79079515786242,17.832455884327054,35,40,1151.2951368041395,0.21366596221923828,44,21,2,0.029093435025731893,0.5034748895187708,0.5807422013041902,1,496.9201346599026,4.227102675044291
566,615,1.8543341159820557,78.8026529196128,17.828952454718987,28,30,1135.016410316457,0.20903688669204712,51,21,2,0.028758681854367137,0.6643390891346169,0.589451449744165,1,491.0109569448739,5.529654626837813
549,616,1.8543341159820557,78.78890869576577,17.82544902511092,33,40,1151.2951368041395,0.5766637325286865,46,21,2,0.02896811539631949,0.6643390891346169,0.0655870701388875,1,496.9201346599026,0.627212743505914
556,617,1.3449561595916748,78.79214263078859,17.839193248957955,33,40,1151.2951368041395,0.2442159354686737,44,23,2,0.0301580557278245,0.5842101609838911,0.5240026730276934,1,496.9201346599026,4.587673925093419
570,618,2.945526599884033,78.80669533839131,17.834342346423703,29,40,1135.016410316457,0.23148047924041748,48,23,2,0.029932318980145325,0.799599026813495,0.5474926485421863,1,491.0109569448739,6.434015416878044
554,619,1.3449980020523071,78.79537656581141,17.849703537782148,31,30,1151.2951368041395,0.5138935446739197,47,22,2,0.029450829852146646,0.5842174336506445,0.12071473006111885,1,496.9201346599026,1.0320931866607197
557,620,0.9274099469184875,78.79941898458992,17.823293068429038,31,40,1151.2951368041395,0.19307470321655273,47,22,2,0.029450829852146646,0.5034748895187708,0.6196848835831514,1,496.9201346599026,4.565967841445196
560,621,1.344934105873108,78.79537656581141,17.833533862668,32,40,1151.2951368041395,0.21960069239139557,45,23,2,0.03009274375958627,0.584206327757404,0.5696172770410709,1,496.9201346599026,4.976199593561972
560,622,2.1571505069732666,78.79133414703284,17.84215768939555,31,30,1151.2951368041395,0.5729005336761475,46,23,2,0.03003330628227257,0.705810686527075,0.06837486864814163,1,496.9201346599026,0.7202354175910144
561,623,3.4574906826019287,78.80453938170945,17.822215090088093,31,30,1135.016410316457,0.2644098997116089,47,22,2,0.029450829852146646,0.8526472441485039,0.48728527770045865,1,491.0109569448739,6.008158804417177
555,624,3.0637171268463135,78.78998667410667,17.839732238128427,33,40,1151.2951368041395,0.2442730814218521,44,23,2,0.0301580557278245,0.8123049263132466,0.5238978291909432,1,496.9201346599026,6.377575661156328
555,625,1.8543341159820557,78.79025616869194,17.84000173271366,33,40,1151.2951368041395,0.24442537128925323,44,23,2,0.0301580557278245,0.6643390891346169,0.5236184529161474,1,496.9201346599026,5.213083527241278
549,626,2.094351053237915,78.7848662769872,17.83218638974182,33,40,1151.2951368041395,0.5352973937988281,45,22,2,0.029564222483894002,0.6975111107349363,0.0998758054735475,1,496.9201346599026,1.0234449345937264
564,627,1.3449296951293945,78.79780201707854,17.832455884327054,29,30,1151.2951368041395,0.2509048581123352,48,23,2,0.029932318980145325,0.5842055611075876,0.511765981295881,1,496.9201346599026,4.44696856298483
564,628,2.9205470085144043,78.80076645751615,17.843235667736487,30,40,1135.016410316457,0.31733590364456177,48,22,2,0.029403054202064658,0.7968749406489409,0.39467267416485724,1,491.0109569448739,4.5405750261295825
560,629,1.9479320049285889,78.80346140336849,17.84000173271366,29,40,1135.016410316457,0.6152894496917725,49,22,2,0.029361327463965223,0.6775641343052374,0.040814671031217525,1,491.0109569448739,0.39868838171914756
565,630,1.344901204109192,78.80292241419801,17.825179530525688,31,40,1135.016410316457,0.4687262773513794,47,22,2,0.029450829852146646,0.5842006089278878,0.17126593087026246,1,491.0109569448739,1.4468439908993465
554,631,2.7802884578704834,78.79564606039662,17.84835606485597,32,40,1151.2951368041395,0.36066946387290955,46,22,2,0.02950457576222098,0.781315268995993,0.3235918467722446,1,496.9201346599026,3.706805945389568
569,632,0.9274099469184875,78.80426988712418,17.827335487207577,28,30,1135.016410316457,0.3552267551422119,51,21,2,0.028758681854367137,0.5034748895187708,0.3322506315343099,1,491.0109569448739,2.3621299726778715
554,633,1.3449374437332153,78.79214263078859,17.834342346423703,34,40,1151.2951368041395,0.32262054085731506,45,21,2,0.02902787435560302,0.5842069079238312,0.3857542234598089,1,496.9201346599026,3.250717329509579
551,634,1.9478439092636108,78.78783071742481,17.83191689515658,35,40,1151.2951368041395,0.311165988445282,43,22,2,0.029700982967947452,0.6775518674927988,0.4051665354629127,1,496.9201346599026,4.051665015138185
554,635,2.9455301761627197,78.79402909288524,17.836498303105593,31,40,1151.2951368041395,0.5762611031532288,46,23,2,0.03003330628227257,0.7995994158281516,0.06588215370217468,1,496.9201346599026,0.7861944893374051
557,636,2.0943727493286133,78.79510707122614,17.840810216469364,31,40,1151.2951368041395,0.6279988884925842,46,23,2,0.03003330628227257,0.6975140036035342,0.03417270605980448,1,496.9201346599026,0.3557312688345639
548,637,2.1572163105010986,78.78513577157241,17.848895054026443,33,40,1151.2951368041395,0.5736392736434937,43,24,2,0.030750211314657515,0.7058193068487163,0.06782234456497047,1,496.9201346599026,0.7314776004189237
560,638,0.9274099469184875,78.79861050083423,17.834611841008943,31,30,1151.2951368041395,0.4978586733341217,47,22,2,0.029450829852146646,0.5034748895187708,0.1376635742114732,1,496.9201346599026,1.0143340098171807
563,639,1.9480383396148682,78.80669533839131,17.849703537782148,29,40,1135.016410316457,0.4329792857170105,48,23,2,0.029932318980145325,0.6775789403540371,0.2171410795024595,1,491.0109569448739,2.162387091637144
556,640,0.9274099469184875,78.78836970659529,17.844852635247904,33,40,1151.2951368041395,0.23871669173240662,43,24,2,0.030750211314657515,0.5034748895187708,0.5341156716958327,1,496.9201346599026,4.109110640251514
565,641,0.9742566347122192,78.80831230590275,17.841618700225077,26,40,1135.016410316457,0.3159550726413727,50,24,2,0.03037916175238822,0.5134995127804057,0.3970136704726626,1,491.0109569448739,3.0409723186784703
558,642,0.9274099469184875,78.80076645751615,17.822215090088093,31,30,1135.016410316457,0.16272816061973572,48,21,2,0.02886624257519492,0.5034748895187708,0.6779305300842302,1,491.0109569448739,4.837761435039562
548,643,2.7802884578704834,78.78756122283954,17.83407285183847,35,40,1151.2951368041395,0.5759736895561218,44,21,2,0.029093435025731893,0.781315268995993,0.06609326372240494,1,496.9201346599026,0.7465606666116656
571,644,4.1831159591674805,78.8026529196128,17.83137790598611,28,30,1135.016410316457,0.7147688865661621,51,21,2,0.028758681854367137,0.9203710450166838,0.006658521782884478,1,491.0109569448739,0.0865368200151262
550,645,0.9274099469184875,78.78324930947576,17.84458314066267,33,40,1151.2951368041395,0.2921738922595978,43,24,2,0.030750211314657515,0.5034748895187708,0.43799282825525754,1,496.9201346599026,3.3696090309861897
566,646,2.157109260559082,78.80858180048796,17.83811527061701,29,40,1135.016410316457,0.5048543810844421,48,23,2,0.029932318980145325,0.7058052831293856,0.13013072128449762,1,491.0109569448739,1.3498835038062287
564,647,2.6884493827819824,78.80400039253897,17.841349205639837,29,40,1135.016410316457,0.22427873313426971,48,23,2,0.029932318980145325,0.770871955164636,0.5608814733001936,1,491.0109569448739,6.354551286987688
556,648,1.9479320049285889,78.79645454415237,17.84000173271366,31,30,1151.2951368041395,0.6585588455200195,47,22,2,0.029450829852146646,0.6775641343052374,0.021120213488811473,1,496.9201346599026,0.20942708315781886
567,649,1.9479624032974243,78.80858180048796,17.84269667856602,26,40,1135.016410316457,0.23857402801513672,51,23,2,0.029826789585390038,0.6775683670254856,0.5343786450523487,1,491.0109569448739,5.302734836906922
566,650,0.9742900729179382,78.80426988712418,17.847817075685498,30,40,1135.016410316457,0.467461496591568,46,24,2,0.030555158406844272,0.5135065637504371,0.17280404935203147,1,491.0109569448739,1.331299097211539
554,651,0.9274099469184875,78.79079515786242,17.832455884327054,35,40,1151.2951368041395,0.21366596221923828,44,21,2,0.029093435025731893,0.5034748895187708,0.5807422013041902,1,496.9201346599026,4.227102675044291
550,652,0.9741685390472412,78.79052566327715,17.82544902511092,33,40,1151.2951368041395,0.5528087019920349,46,21,2,0.02896811539631949,0.5134809357333028,0.08438556346216132,1,496.9201346599026,0.6237338512188537
573,653,2.9203603267669678,78.80400039253897,17.83191689515658,28,10,1135.016410316457,0.7137330770492554,51,21,2,0.028758681854367137,0.7968545303848975,0.00682961807380867,1,491.0109569448739,0.07684854048848266
560,654,3.063474416732788,78.80130544668657,17.824101552184743,30,40,1135.016410316457,0.5311130881309509,47,23,2,0.0299798071680585,0.8122791359960327,0.1037863491173249,1,491.0109569448739,1.2409821991009213
562,655,1.8543341159820557,78.81073775716982,17.822754079258566,33,40,1135.016410316457,0.17986765503883362,45,22,2,0.029564222483894002,0.6643390891346169,0.6449188369634106,1,491.0109569448739,6.219457640012177
562,656,3.0634572505950928,78.8037308979537,17.8230235738438,32,40,1135.016410316457,0.307986319065094,46,22,1,0.030782057082840122,0.8122773118803799,0.4106080075942548,1,491.0109569448739,5.041044837737059
559,657,2.156961441040039,78.8101987679994,17.8230235738438,33,40,1135.016410316457,0.1568773239850998,45,22,2,0.029564222483894002,0.7057859178442639,0.6892618474049008,1,491.0109569448739,7.061791226659964
549,658,2.1569695472717285,78.79133414703284,17.82383205759951,31,40,1151.2951368041395,0.6449304819107056,45,24,2,0.030614290023118454,0.7057869798320703,0.026444692827224364,1,496.9201346599026,0.28393763163881175
560,659,0.974156379699707,78.80939028424365,17.823293068429038,33,40,1135.016410316457,0.5879743695259094,45,22,2,0.029564222483894002,0.5134783715692155,0.05760954800314775,1,491.0109569448739,0.429412090725649
560,660,5.59251070022583,78.79322060912949,17.840810216469364,31,50,1151.2951368041395,0.3850340247154236,46,23,2,0.03003330628227257,1.0518998221072404,0.2858716205498517,1,496.9201346599026,4.487817260837912
563,661,4.712516784667969,78.79968847917519,17.844852635247904,31,30,1151.2951368041395,0.31398332118988037,46,23,2,0.03003330628227257,0.9654892750761991,0.40036405312008505,1,496.9201346599026,5.768890165043562
547,662,3.830043315887451,78.78297981489055,17.827874476378042,32,40,1151.2951368041395,0.25165271759033203,46,22,2,0.02950457576222098,0.8883711381082025,0.5104023341971056,1,496.9201346599026,6.647878309623842
546,663,0.0,78.78351880406103,17.833264368082766,32,40,1151.2951368041395,0.5869475603103638,45,23,2,0.03009274375958627,0.16531147321376102,0.0583089191213913,1,496.9201346599026,0.14414061426925565
564,664,2.094331979751587,78.80346140336849,17.824640541355215,32,30,1135.016410316457,0.46778711676597595,46,22,1,0.030782057082840122,0.6975085675389523,0.17240744272955552,1,491.0109569448739,1.8175835326478778
544,665,2.0943241119384766,78.78648324449864,17.82167610091762,36,40,1151.2951368041395,0.5058111548423767,41,23,2,0.030388718747913178,0.6975075184665749,0.12911705220752917,1,496.9201346599026,1.3599767367951436
562,666,2.945531129837036,78.80858180048796,17.837037292276065,29,40,1135.016410316457,0.422838032245636,48,23,2,0.029932318980145325,0.7995995195653458,0.23102443557289898,1,491.0109569448739,2.714950968036978
561,667,0.9274099469184875,78.81073775716982,17.824910035940448,32,40,1135.016410316457,0.4010377824306488,47,21,2,0.028914216017125644,0.5034748895187708,0.26207913451010234,1,491.0109569448739,1.8733238657898932
549,668,3.0636260509490967,78.78836970659529,17.833803357253238,35,40,1151.2951368041395,0.5321049690246582,44,21,2,0.029093435025731893,0.81229524875332,0.10285212471324078,1,496.9201346599026,1.2078382418461107
544,669,0.0,78.78675273908385,17.823293068429038,33,80,1151.2951368041395,0.2322762906551361,44,23,2,0.0301580557278245,0.16531147321376102,0.5460177133189669,1,496.9201346599026,1.3526943053126195
552,670,1.344931960105896,78.78890869576577,17.832994873497526,35,40,1151.2951368041395,0.2253996729850769,44,21,2,0.029093435025731893,0.5842059547928166,0.5587927058346636,1,496.9201346599026,4.719525130676747
547,671,2.1572134494781494,78.78648324449864,17.84862555944121,33,40,1151.2951368041395,0.5390155911445618,43,24,2,0.030750211314657515,0.7058189320553916,0.09646823222532615,1,496.9201346599026,1.0404286965815865
562,672,2.156994342803955,78.80184443585705,17.826257508866632,29,40,1135.016410316457,0.5226836204528809,47,24,2,0.030501999286773482,0.7057902282505513,0.11190634570280222,1,491.0109569448739,1.1829049398864626
552,673,0.9274099469184875,78.78917819035098,17.832994873497526,35,40,1151.2951368041395,0.242686465382576,44,21,2,0.029093435025731893,0.5034748895187708,0.5268106404890041,1,496.9201346599026,3.8345459700567446
561,674,2.094374895095825,78.79375959829997,17.841618700225077,31,50,1151.2951368041395,0.134507954120636,46,23,2,0.03003330628227257,0.6975142897104438,0.7328426682543953,1,496.9201346599026,7.628753740196529
566,675,1.3449429273605347,78.8037308979537,17.83595931393512,27,40,1135.016410316457,0.44325536489486694,51,22,2,0.02929638550757629,0.5842078610525178,0.20345483878828605,1,491.0109569448739,1.7097816236051926
556,676,0.9274099469184875,78.79672403873758,17.849434043196915,33,40,1151.2951368041395,0.6300114393234253,46,21,2,0.02896811539631949,0.5034748895187708,0.033187813623367916,1,496.9201346599026,0.24052670056958705
574,677,2.920574188232422,78.80858180048796,17.845122129833143,23,40,1135.016410316457,0.23026585578918457,54,23,2,0.029778950906015168,0.7968779121934371,0.5497455714122742,1,491.0109569448739,6.405515789393679
564,678,0.0,78.80292241419801,17.826527003451865,31,40,1135.016410316457,0.6679918766021729,47,22,2,0.029450829852146646,0.16531147321376102,0.01788220863957373,1,491.0109569448739,0.042747711930761385
573,679,2.094386339187622,78.80858180048796,17.84620010817408,23,40,1135.016410316457,0.2643356919288635,54,23,2,0.029778950906015168,0.6975158156110024,0.4874189393252029,1,491.0109569448739,4.971151936001528
558,680,2.1569530963897705,78.81100725175509,17.822215090088093,31,30,1135.016410316457,0.28076717257499695,45,24,2,0.030614290023118454,0.7057848246190302,0.4580665931411624,1,491.0109569448739,4.859776668147893
566,681,0.0,78.8101987679994,17.830569422230404,28,40,1135.016410316457,0.6520270109176636,50,22,2,0.029325738173780258,0.16531147321376102,0.02357490336655024,1,491.0109569448739,0.056116820144991704
555,682,0.9741927981376648,78.79295111454428,17.83003043305993,31,30,1151.2951368041395,0.34820660948753357,46,23,2,0.03003330628227257,0.5134860514347158,0.3435381837073646,1,496.9201346599026,2.632651697182885
568,683,0.0,78.81100725175509,17.83407285183847,27,40,1135.016410316457,0.7002424001693726,50,23,2,0.02985571290986813,0.16531147321376102,0.00935300410110616,1,491.0109569448739,0.022665888628951865
551,684,1.947944164276123,78.78244082572007,17.841079711054604,33,40,1151.2951368041395,0.24919092655181885,44,23,2,0.0301580557278245,0.6775658273980778,0.5148945991973594,1,496.9201346599026,5.228291153545926
554,685,2.1570982933044434,78.78836970659529,17.837037292276065,32,40,1151.2951368041395,0.38955625891685486,45,23,2,0.03009274375958627,0.7058038463774099,0.27906649430126096,1,496.9201346599026,2.9453716265429226
555,686,2.094367265701294,78.78998667410667,17.838654259787482,33,40,1151.2951368041395,0.2944577932357788,44,23,2,0.0301580557278245,0.6975132724406354,0.4340049668825665,1,496.9201346599026,4.536669160767144
566,687,2.094351053237915,78.79914949000471,17.83218638974182,30,50,1151.2951368041395,0.44012251496315,47,23,2,0.0299798071680585,0.6975111107349363,0.20758589195350002,1,496.9201346599026,2.157070769528823
559,688,2.0943784713745117,78.79456808205572,17.842966173151254,33,50,1151.2951368041395,0.30997782945632935,45,22,2,0.029564222483894002,0.6975147665549039,0.4071972392318813,1,496.9201346599026,4.172643556161097
553,689,1.8543341159820557,78.79564606039662,17.84862555944121,32,40,1151.2951368041395,0.5282469391822815,46,22,2,0.02950457576222098,0.6643390891346169,0.10651109248683838,1,496.9201346599026,1.0374343285686456
571,690,2.9455270767211914,78.8037308979537,17.834611841008943,27,40,1135.016410316457,0.5641047954559326,51,22,2,0.02929638550757629,0.7995990786821322,0.0751507801683497,1,491.0109569448739,0.8643925276786628
558,691,2.1571176052093506,78.80049696293088,17.838923754372715,31,40,1135.016410316457,0.48668959736824036,48,21,2,0.02886624257519492,0.7058063763073118,0.15012635938373486,1,491.0109569448739,1.5018410501844472
559,692,1.8543341159820557,78.80157494127184,17.83784577603177,31,40,1135.016410316457,0.4491601586341858,47,22,2,0.029450829852146646,0.6643390891346169,0.19576908890897055,1,491.0109569448739,1.8807135197820488
559,693,0.9742505550384521,78.79268161995907,17.840540721884132,31,40,1151.2951368041395,0.2890549302101135,46,23,2,0.03003330628227257,0.5134982307702666,0.44345592603417405,1,496.9201346599026,3.3984364553351867
569,694,3.06376051902771,78.80912078965844,17.84242718398078,26,30,1135.016410316457,0.4757232666015625,51,23,2,0.029826789585390038,0.8123095370276239,0.16287386001500154,1,491.0109569448739,1.937629041814353
543,695,3.457509994506836,78.7848662769872,17.82356256301427,32,20,1151.2951368041395,0.434709757566452,45,23,2,0.03009274375958627,0.8526491537712773,0.214809106218652,1,496.9201346599026,2.7388700995871527
554,696,1.34493088722229,78.79268161995907,17.832725378912293,32,40,1151.2951368041395,0.30056115984916687,47,21,2,0.028914216017125644,0.5842057683103892,0.423401175845937,1,496.9201346599026,3.5539876646258244
552,697,1.344946265220642,78.78702223366906,17.836767797690833,32,40,1151.2951368041395,0.5147347450256348,45,23,2,0.03009274375958627,0.5842084412166653,0.11985684061907209,1,496.9201346599026,1.0470780000888775
563,698,1.8543341159820557,78.80211393044232,17.827335487207577,31,30,1135.016410316457,0.5171645283699036,48,21,2,0.02886624257519492,0.6643390891346169,0.117396552047848,1,491.0109569448739,1.1054181446057953
547,699,0.0,78.78378829864624,17.83407285183847,35,40,1151.2951368041395,0.6209502816200256,43,22,2,0.029700982967947452,0.16531147321376102,0.037765749432327925,1,496.9201346599026,0.09214218795777997
562,700,3.4578206539154053,78.80076645751615,17.84620010817408,32,40,1135.016410316457,0.5653970837593079,46,22,2,0.02950457576222098,0.8526798718938597,0.07413244915373018,1,491.0109569448739,0.9157457623520494
547,701,1.3449066877365112,78.78351880406103,17.826796498037105,34,40,1151.2951368041395,0.17469756305217743,44,22,2,0.029629709159312897,0.5842015620719614,0.6548467459963669,1,496.9201346599026,5.6326967486124095
571,702,0.9274099469184875,78.81100725175509,17.835150830179415,27,40,1135.016410316457,0.3659033179283142,50,23,2,0.02985571290986813,0.5034748895187708,0.31534337709430627,1,491.0109569448739,2.3274489235129265
546,703,1.3449572324752808,78.7819018365496,17.839462743543187,33,40,1151.2951368041395,0.22409136593341827,42,25,2,0.03134117165305953,0.5842103474642192,0.561230785359444,1,496.9201346599026,5.106373206320791
554,704,0.9274099469184875,78.7886392011805,17.83784577603177,32,40,1151.2951368041395,0.30355146527290344,45,23,2,0.03009274375958627,0.5034748895187708,0.4182346863394239,1,496.9201346599026,3.148808469318055
565,705,0.9274099469184875,78.80804281131748,17.825179530525688,31,40,1135.016410316457,0.2159789502620697,48,21,2,0.02886624257519492,0.5034748895187708,0.5764008632162856,1,491.0109569448739,4.113238368015085
556,706,1.3449561595916748,78.79322060912949,17.839193248957955,33,40,1151.2951368041395,0.3209370970726013,44,23,2,0.0301580557278245,0.5842101609838911,0.38858814402552183,1,496.9201346599026,3.402111835891563
558,707,0.9274099469184875,78.79941898458992,17.82571851969616,31,40,1151.2951368041395,0.24958373606204987,46,23,2,0.03003330628227257,0.5034748895187708,0.5141771422826,1,496.9201346599026,3.8634946999383333
550,708,2.0943925380706787,78.78702223366906,17.84862555944121,34,40,1151.2951368041395,0.5482217073440552,43,23,2,0.03022918644166058,0.6975166421383903,0.08830573775057603,1,496.9201346599026,0.9252445817920525
554,709,1.3449198007583618,78.78917819035098,17.83003043305993,33,40,1151.2951368041395,0.25456860661506653,45,22,2,0.029564222483894002,0.5842038413200874,0.5050942884815723,1,496.9201346599026,4.335008186851056
565,710,1.344986915588379,78.80346140336849,17.847008591929793,29,40,1135.016410316457,0.17623943090438843,47,24,2,0.030501999286773482,0.5842155067179524,0.6518831560631329,1,491.0109569448739,5.70377427091002
543,711,1.3448879718780518,78.78594425532816,17.821945595502854,36,40,1151.2951368041395,0.5597009062767029,41,23,2,0.030388718747913178,0.5841983089402095,0.07867995690691756,1,496.9201346599026,0.6941021550842216
548,712,2.1570382118225098,78.78621374991337,17.830838916815637,33,40,1151.2951368041395,0.4557150900363922,45,22,2,0.029564222483894002,0.7057959753978011,0.18739321561995215,1,496.9201346599026,1.9430594895630748
563,713,1.8543341159820557,78.8064258438061,17.841349205639837,29,40,1135.016410316457,0.5486258268356323,48,23,2,0.029932318980145325,0.6643390891346169,0.08795643156640862,1,491.0109569448739,0.8587939108802362
556,714,2.0943305492401123,78.79887999541944,17.824101552184743,31,40,1151.2951368041395,0.20116879045963287,47,22,2,0.029450829852146646,0.6975083767986954,0.6043161358746669,1,496.9201346599026,6.168758225254442
565,715,0.9742566347122192,78.80831230590275,17.841618700225077,26,30,1135.016410316457,0.43493449687957764,50,24,2,0.03037916175238822,0.5134995127804057,0.21450705128941808,1,491.0109569448739,1.643041672484121
568,716,2.1570491790771484,78.8104682625846,17.83191689515658,29,40,1135.016410316457,0.41541698575019836,49,22,2,0.029361327463965223,0.7057974121736973,0.2414139782679243,1,491.0109569448739,2.456458009752032
568,717,2.945526123046875,78.80777331673227,17.83407285183847,27,40,1135.016410316457,0.286258727312088,51,22,2,0.02929638550757629,0.7995989749448529,0.4483702939214272,1,491.0109569448739,5.157203698335553
561,718,1.9478986263275146,78.7999579737604,17.837037292276065,31,30,1151.2951368041395,0.5452369451522827,47,22,2,0.029450829852146646,0.6775594865669053,0.09090914871306173,1,496.9201346599026,0.9014448296592985
561,719,1.3449649810791016,78.80238342502753,17.841349205639837,33,40,1135.016410316457,0.33626145124435425,46,21,2,0.02896811539631949,0.5842116942639419,0.3630427585283277,1,491.0109569448739,3.016750892872299
562,720,1.8543341159820557,78.80615634922083,17.823293068429038,31,40,1135.016410316457,0.2978091835975647,46,23,2,0.03003330628227257,0.6643390891346169,0.4281727049671341,1,491.0109569448739,4.194721324906589
552,721,2.9204559326171875,78.78324930947576,17.83784577603177,31,40,1151.2951368041395,0.2173730432987213,46,23,2,0.03003330628227257,0.796864983248144,0.5737876339995317,1,496.9201346599026,6.823790212451319
555,722,1.3449254035949707,78.79268161995907,17.83137790598611,31,40,1151.2951368041395,0.27835050225257874,46,23,2,0.03003330628227257,0.5842048151765906,0.4623521167665238,1,496.9201346599026,4.0311385198364285
560,723,0.0,78.79914949000471,17.828143970963282,31,40,1151.2951368041395,0.5675675272941589,47,22,2,0.029450829852146646,0.16531147321376102,0.07243978823671651,1,496.9201346599026,0.17525253116561618
560,724,0.9274099469184875,78.80238342502753,17.841079711054604,29,40,1135.016410316457,0.20723789930343628,48,23,2,0.029932318980145325,0.5034748895187708,0.5928434324281682,1,491.0109569448739,4.386815573984913
550,725,0.0,78.7924121253738,17.822215090088093,31,40,1151.2951368041395,0.281308650970459,47,22,2,0.029450829852146646,0.16531147321376102,0.45710791467974443,1,496.9201346599026,1.105874561666069
565,726,2.1569859981536865,78.8037308979537,17.82544902511092,31,40,1135.016410316457,0.47440099716186523,47,22,2,0.029450829852146646,0.7057891350352852,0.1644444826553187,1,491.0109569448739,1.678351788030943
569,727,0.9274099469184875,78.80912078965844,17.833533862668,29,40,1135.016410316457,0.6215429306030273,49,22,2,0.029361327463965223,0.5034748895187708,0.037454993170226644,1,491.0109569448739,0.27186569346808176
556,728,2.1571176052093506,78.79160364161811,17.838923754372715,33,40,1151.2951368041395,0.20935410261154175,44,23,2,0.0301580557278245,0.7058063763073118,0.5888537618173628,1,496.9201346599026,6.228492774229391
550,729,2.0943496227264404,78.78810021201002,17.83164740057135,35,40,1151.2951368041395,0.31917500495910645,43,22,2,0.029700982967947452,0.6975109199957179,0.391561582576977,1,496.9201346599026,4.030960136294268
551,730,0.9742125868797302,78.79106465244763,17.833533862668,35,40,1151.2951368041395,0.3445635437965393,44,21,2,0.029093435025731893,0.5134902243827479,0.3494475405690599,1,496.9201346599026,2.594154055958497
555,731,1.8543341159820557,78.78621374991337,17.838923754372715,33,40,1151.2951368041395,0.2358471006155014,45,22,1,0.030844286372498107,0.6643390891346169,0.5394111209639938,1,496.9201346599026,5.49251211589705
566,732,0.0,78.80669533839131,17.840810216469364,29,40,1135.016410316457,0.4012144207954407,48,23,2,0.029932318980145325,0.16531147321376102,0.2618211088842074,1,491.0109569448739,0.6361202227928588
551,733,1.3449033498764038,78.79295111454428,17.82571851969616,34,40,1151.2951368041395,0.16852080821990967,44,22,2,0.029629709159312897,0.5842009818975852,0.6667421861187103,1,496.9201346599026,5.7350102710394495
564,734,1.8543341159820557,78.8026529196128,17.84215768939555,29,40,1135.016410316457,0.25666072964668274,48,23,2,0.029932318980145325,0.6643390891346169,0.5012945281629803,1,491.0109569448739,4.894567465699277
553,735,1.344948410987854,78.78513577157241,17.837306786861298,35,40,1151.2951368041395,0.30175912380218506,44,21,2,0.029093435025731893,0.584208814178876,0.4213290986856047,1,496.9201346599026,3.558534285286246
552,736,1.3449022769927979,78.79402909288524,17.82544902511092,31,40,1151.2951368041395,0.5869138240814209,46,23,2,0.03003330628227257,0.5842007954127811,0.058331981364204664,1,496.9201346599026,0.5085792202972508
566,737,0.0,78.7999579737604,17.82949144388946,30,40,1151.2951368041395,0.3775331676006317,48,22,1,0.030676139869013505,0.16531147321376102,0.29729730926256565,1,496.9201346599026,0.7491715530295446
545,738,1.947737693786621,78.78648324449864,17.822215090088093,36,40,1151.2951368041395,0.5750855207443237,41,23,2,0.030388718747913178,0.6775370771599496,0.06674809736347505,1,496.9201346599026,0.682921744409586
563,739,2.15712308883667,78.8064258438061,17.839462743543187,29,40,1135.016410316457,0.2757609784603119,50,21,2,0.02878838504314994,0.7058070946800012,0.46695646396385165,1,491.0109569448739,4.65876600100341
570,740,2.1571805477142334,78.80615634922083,17.845391624418376,26,40,1135.016410316457,0.3831078112125397,51,23,2,0.029826789585390038,0.7058146219108012,0.28878939736932496,1,491.0109569448739,2.9851735822693986
552,741,1.344893455505371,78.79295111454428,17.823293068429038,31,40,1151.2951368041395,0.6154080033302307,45,24,2,0.030614290023118454,0.5841992620899014,0.04074931601867628,1,496.9201346599026,0.36215302232382124
554,742,2.157106637954712,78.79402909288524,17.83784577603177,31,40,1151.2951368041395,0.35669973492622375,46,23,2,0.03003330628227257,0.7058049395586582,0.3298992099419055,1,496.9201346599026,3.4750071958556945
557,743,3.704791784286499,78.79268161995907,17.84000173271366,33,40,1151.2951368041395,0.6030434370040894,44,23,2,0.0301580557278245,0.8766006888617621,0.04791461840728674,1,496.9201346599026,0.6294478797597789
559,744,0.9742535948753357,78.79187313620332,17.841079711054604,31,30,1151.2951368041395,0.5977011322975159,46,23,2,0.03003330628227257,0.5134988717759358,0.05123008305720461,1,496.9201346599026,0.3926036139874841
551,745,0.0,78.78540526615768,17.8440441514922,34,40,1151.2951368041395,0.36085623502731323,44,22,2,0.029629709159312897,0.16531147321376102,0.32329617158842455,1,496.9201346599026,0.7868963680387556
551,746,1.344986915588379,78.79079515786242,17.847008591929793,30,40,1151.2951368041395,0.3905600309371948,44,26,2,0.031703611295929815,0.5842155067179524,0.27756464984649487,1,496.9201346599026,2.554656796405208
560,747,5.017362594604492,78.79753252249327,17.83622880852036,30,40,1151.2951368041395,0.3436592221260071,47,23,2,0.0299798071680585,0.9901226178424178,0.3509198131067862,1,496.9201346599026,5.176214919066747
565,748,3.0637431144714355,78.80696483297652,17.841349205639837,26,40,1135.016410316457,0.6497884392738342,50,24,2,0.03037916175238822,0.812307687679824,0.02445712368625902,1,491.0109569448739,0.29634179907601954
551,749,0.9741836786270142,78.78567476074289,17.828413465548515,33,40,1151.2951368041395,0.39204829931259155,45,22,2,0.029564222483894002,0.513484128342161,0.27534373410630075,1,496.9201346599026,2.0770898246009244
551,750,5.198461532592773,78.79106465244763,17.834342346423703,34,40,1151.2951368041395,0.39905211329460144,45,21,2,0.02902787435560302,1.0065195462052838,0.26498671076675306,1,496.9201346599026,3.8472298735183963
555,751,2.1572134494781494,78.79672403873758,17.84862555944121,32,40,1151.2951368041395,0.6033403277397156,46,22,2,0.02950457576222098,0.7058189320553916,0.04773426887604533,1,496.9201346599026,0.4939688318215995
550,752,0.0,78.78351880406103,17.844852635247904,33,40,1151.2951368041395,0.2524372637271881,43,24,2,0.030750211314657515,0.16531147321376102,0.5089727774532118,1,496.9201346599026,1.2856781099744836
566,753,1.8543341159820557,78.8037308979537,17.845661119003616,29,40,1135.016410316457,0.47380098700523376,47,24,2,0.030501999286773482,0.6643390891346169,0.16515954823451637,1,491.0109569448739,1.6432853484718501
562,754,2.688504219055176,78.80130544668657,17.84835606485597,30,40,1135.016410316457,0.3420145809650421,47,23,2,0.0299798071680585,0.7708782537541805,0.35360279866537436,1,491.0109569448739,4.012559698492415
569,755,2.688464641571045,78.80723432756179,17.843235667736487,26,40,1135.016410316457,0.3817427158355713,51,23,2,0.029826789585390038,0.7708737078233345,0.2908640771374162,1,491.0109569448739,3.283757025389153
557,756,1.8543341159820557,78.79537656581141,17.828682960133754,32,40,1151.2951368041395,0.31762397289276123,46,22,2,0.02950457576222098,0.6643390891346169,0.3941848485598554,1,496.9201346599026,3.83942070398123
570,757,0.9274099469184875,78.80723432756179,17.82949144388946,29,10,1135.016410316457,0.5532089471817017,50,21,2,0.02878838504314994,0.5034748895187708,0.08404815438380353,1,491.0109569448739,0.5981560265922862
569,758,2.9455292224884033,78.81100725175509,17.83595931393512,28,60,1135.016410316457,0.1622641235589981,49,23,2,0.029890923597803827,0.7995993120909374,0.6788281275262074,1,491.0109569448739,7.96641192506698
561,759,1.3449209928512573,78.79834100624902,17.83029992764517,30,40,1151.2951368041395,0.1914454847574234,48,22,1,0.030676139869013505,0.5842040485238023,0.6227874601821799,1,496.9201346599026,5.546151456562794
560,760,1.8543341159820557,78.80022746834567,17.840540721884132,32,10,1151.2951368041395,0.6431499123573303,47,21,2,0.028914216017125644,0.6643390891346169,0.02719847449387649,1,496.9201346599026,0.259616546366641
555,761,2.9455416202545166,78.78971717952146,17.84269667856602,32,40,1151.2951368041395,0.32619932293891907,45,23,2,0.03009274375958627,0.7996006606731615,0.37975200748924276,1,496.9201346599026,4.540687397155883
554,762,2.9455337524414062,78.79079515786242,17.838384765202242,33,40,1151.2951368041395,0.2560167908668518,44,23,2,0.0301580557278245,0.7995998048425268,0.5024632821636851,1,496.9201346599026,6.020976663911031
557,763,2.0943820476531982,78.79564606039662,17.84431364607743,32,40,1151.2951368041395,0.5485524535179138,46,22,2,0.02950457576222098,0.697515243398877,0.08801979637679427,1,496.9201346599026,0.900139938148717
552,764,1.3449681997299194,78.78459678240199,17.84215768939555,32,40,1151.2951368041395,0.21118766069412231,45,23,2,0.03009274375958627,0.5842122537024603,0.5854015277933335,1,496.9201346599026,5.114143322377818
552,765,0.9274099469184875,78.79537656581141,17.822484584673326,30,40,1151.2951368041395,0.3073938190937042,47,23,2,0.0299798071680585,0.5034748895187708,0.4116244474463191,1,496.9201346599026,3.08741070291215
559,766,1.3449715375900269,78.79133414703284,17.842966173151254,33,40,1151.2951368041395,0.14769089221954346,46,21,2,0.02896811539631949,0.5842128338600765,0.7071117947582662,1,496.9201346599026,5.946562814117433
567,767,1.3449254035949707,78.80049696293088,17.83137790598611,29,30,1135.016410316457,0.3147525489330292,49,22,2,0.029361327463965223,0.5842048151765906,0.3990559335280617,1,491.0109569448739,3.3609788160496574
556,768,0.9741821885108948,78.79456808205572,17.828143970963282,32,40,1151.2951368041395,0.2720978260040283,46,22,2,0.02950457576222098,0.5134838141103254,0.47349119469244144,1,496.9201346599026,3.564631447297619
567,769,2.6883702278137207,78.7999579737604,17.83137790598611,30,30,1151.2951368041395,0.17873963713645935,48,22,1,0.030676139869013505,0.7708628631524109,0.6470826203742399,1,496.9201346599026,7.60368580268564
548,770,2.094360828399658,78.7819018365496,17.83622880852036,35,40,1151.2951368041395,0.3838788866996765,43,22,2,0.029700982967947452,0.6975124141175113,0.28762002719784424,1,496.9201346599026,2.960932326136983
556,771,2.0943446159362793,78.79295111454428,17.8297609384747,31,40,1151.2951368041395,0.30116787552833557,46,23,2,0.03003330628227257,0.6975102524078398,0.42235137792765665,1,496.9201346599026,4.3965726126200835
565,772,1.3449000120162964,78.80615634922083,17.824910035940448,30,40,1135.016410316457,0.28230389952659607,49,21,2,0.028824270516558635,0.5842004017223463,0.4553473192096133,1,491.0109569448739,3.764906055803973
551,773,4.7773518562316895,78.79079515786242,17.826527003451865,33,40,1151.2951368041395,0.2514435946941376,46,21,2,0.02896811539631949,0.9708051445467144,0.5107835568101066,1,496.9201346599026,7.137987994366163
554,774,0.9274099469184875,78.78594425532816,17.838384765202242,33,40,1151.2951368041395,0.26947346329689026,45,22,1,0.030844286372498107,0.5034748895187708,0.47818799277824514,1,496.9201346599026,3.690097175096414
564,775,2.156996965408325,78.80238342502753,17.826796498037105,29,40,1135.016410316457,0.6459618806838989,47,24,2,0.030501999286773482,0.70579057183197,0.026014291769676227,1,491.0109569448739,0.27498395224040856
577,776,2.6884779930114746,78.80912078965844,17.845122129833143,23,40,1135.016410316457,0.23429475724697113,54,23,2,0.029778950906015168,0.7708752413948285,0.5422809003530044,1,491.0109569448739,6.112360818980518
563,777,0.9741715788841248,78.8101987679994,17.825988014281393,32,40,1135.016410316457,0.42042678594589233,47,21,2,0.028914216017125644,0.5134815767713263,0.2343791671929271,1,491.0109569448739,1.7086239032604678
543,778,1.8543341159820557,78.78244082572007,17.821945595502854,32,30,1151.2951368041395,0.45058366656303406,42,26,2,0.03184961282574046,0.6643390891346169,0.19393607425628473,1,496.9201346599026,2.0391029755957
562,779,1.344999074935913,78.80319190878322,17.849973032367387,32,40,1135.016410316457,0.631334125995636,46,22,2,0.02950457576222098,0.5842176201274968,0.032550372835694,1,491.0109569448739,0.2754933858519366
554,780,2.9455301761627197,78.79429858747045,17.836498303105593,31,40,1151.2951368041395,0.555533766746521,46,23,2,0.03003330628227257,0.7995994158281516,0.08210310864401708,1,496.9201346599026,0.979764745779187
551,781,2.1571998596191406,78.78621374991337,17.847278086515026,33,40,1151.2951368041395,0.5167014598846436,43,24,2,0.030750211314657515,0.7058171517830414,0.11786340274668823,1,496.9201346599026,1.2711765766035636
549,782,2.7802884578704834,78.79052566327715,17.835420324764648,34,40,1151.2951368041395,0.5603366494178772,45,21,2,0.02902787435560302,0.781315268995993,0.07816486792655161,1,496.9201346599026,0.8809266304530041
551,783,3.9997332096099854,78.78324930947576,17.841618700225077,33,40,1151.2951368041395,0.29765889048576355,44,23,2,0.0301580557278245,0.9039592704895156,0.4284337510445809,1,496.9201346599026,5.8039341029208655
554,784,0.9742369055747986,78.7886392011805,17.83811527061701,31,40,1151.2951368041395,0.26117801666259766,45,24,2,0.030614290023118454,0.5134953525143445,0.4931154103983769,1,496.9201346599026,3.8520851500255078
549,785,0.0,78.7848662769872,17.82571851969616,34,40,1151.2951368041395,0.34000399708747864,44,22,2,0.029629709159312897,0.16531147321376102,0.3568922432094842,1,496.9201346599026,0.868668529487785
543,786,3.4575061798095703,78.78459678240199,17.823293068429038,32,40,1151.2951368041395,0.37510260939598083,45,23,2,0.03009274375958627,0.8526487765623428,0.3010359920777647,1,496.9201346599026,3.838282870591718
557,787,2.0943446159362793,78.79429858747045,17.8297609384747,28,40,1151.2951368041395,0.2889518439769745,47,25,2,0.031018166932415797,0.6975102524078398,0.44363682439563684,1,496.9201346599026,4.769588445114571
572,788,3.063790798187256,78.80696483297652,17.84458314066267,26,40,1135.016410316457,0.26491448283195496,51,23,2,0.029826789585390038,0.8123127543712174,0.4863766895760182,1,491.0109569448739,5.78620370122307
550,789,0.9274099469184875,78.78324930947576,17.84000173271366,32,40,1151.2951368041395,0.5857760906219482,45,23,1,0.03139569142264923,0.5034748895187708,0.05911287576645941,1,496.9201346599026,0.4643191002145706
570,790,1.3449363708496094,78.80992927341413,17.83407285183847,27,40,1135.016410316457,0.6242568492889404,50,23,2,0.02985571290986813,0.5842067214418595,0.03605228681189292,1,491.0109569448739,0.3087578415574836
542,791,2.6883065700531006,78.78217133113486,17.823293068429038,35,40,1151.2951368041395,0.40559592843055725,42,23,2,0.0303060877726832,0.7708555510869757,0.25545359692205427,1,496.9201346599026,2.9655243698580303
547,792,1.3449374437332153,78.78944768493619,17.834342346423703,34,40,1151.2951368041395,0.2577369213104248,45,21,2,0.02902787435560302,0.5842069079238312,0.4993427932350459,1,496.9201346599026,4.207918339237581
568,793,0.9274099469184875,78.80885129507317,17.84215768939555,26,30,1135.016410316457,0.41652530431747437,50,24,2,0.03037916175238822,0.5034748895187708,0.239850188422217,1,491.0109569448739,1.8012950230298928
573,794,1.3449242115020752,78.80561736005035,17.831108411400876,30,10,1135.016410316457,0.8133063316345215,49,21,2,0.028824270516558635,0.5842046079732829,0.00016447761171226665,1,491.0109569448739,0.0013599447911781758
555,795,1.9480352401733398,78.79645454415237,17.849434043196915,33,40,1151.2951368041395,0.5820336937904358,46,21,2,0.02896811539631949,0.6775785087944324,0.06172447764088536,1,496.9201346599026,0.6020379692096804
565,796,1.344984769821167,78.80130544668657,17.84646960275932,32,40,1135.016410316457,0.557136058807373,46,22,2,0.02950457576222098,0.5842151337621386,0.08077726669202678,1,491.0109569448739,0.6836636896393739
558,797,0.9274099469184875,78.79375959829997,17.83191689515658,32,40,1151.2951368041395,0.2445162683725357,45,23,2,0.03009274375958627,0.5034748895187708,0.5234517192694432,1,496.9201346599026,3.940967262521744
558,798,3.457655668258667,78.79591555498189,17.83407285183847,30,40,1151.2951368041395,0.25732898712158203,46,24,2,0.030555158406844272,0.8526635582524416,0.5000823746267106,1,496.9201346599026,6.474263695175954
565,799,1.9479410648345947,78.80615634922083,17.840810216469364,29,40,1135.016410316457,0.34922730922698975,48,23,2,0.029932318980145325,0.6775653958259933,0.3418888098847396,1,491.0109569448739,3.404612212198045
559,800,1.3449583053588867,78.80319190878322,17.839732238128427,29,40,1135.016410316457,0.5910453200340271,49,22,2,0.029361327463965223,0.5842105339444581,0.05554746195366474,1,491.0109569448739,0.4678433642193045
557,801,0.9742505550384521,78.78783071742481,17.840540721884132,34,40,1151.2951368041395,0.22582094371318817,43,23,2,0.03022918644166058,0.5134982307702666,0.5580081608328523,1,496.9201346599026,4.304201113517946
558,802,1.9479775428771973,78.79456808205572,17.8440441514922,33,40,1151.2951368041395,0.2431192398071289,45,22,2,0.029564222483894002,0.6775704750714198,0.526015735765745,1,496.9201346599026,5.236079909925635
551,803,1.9477559328079224,78.79268161995907,17.82383205759951,31,30,1151.2951368041395,0.3228825032711029,45,24,2,0.030614290023118454,0.6775396169483836,0.3853138353445274,1,496.9201346599026,3.9715504529813086
556,804,2.920633316040039,78.79780201707854,17.84862555944121,32,40,1151.2951368041395,0.6232671737670898,46,22,2,0.02950457576222098,0.796884376549113,0.03655994453659004,1,496.9201346599026,0.4271464577171061
569,805,3.4575483798980713,78.80561736005035,17.826527003451865,30,40,1135.016410316457,0.6058854460716248,49,21,2,0.028824270516558635,0.8526529494224169,0.04620502627961312,1,491.0109569448739,0.5575849317328658
559,806,0.9274099469184875,78.8026529196128,17.822215090088093,31,40,1135.016410316457,0.20783977210521698,47,22,2,0.029450829852146646,0.5034748895187708,0.5917081533091165,1,491.0109569448739,4.307984073458641
555,807,2.688502073287964,78.79537656581141,17.848086570270738,32,40,1151.2951368041395,0.31431350111961365,46,22,2,0.02950457576222098,0.7708780072890737,0.3998023967815858,1,496.9201346599026,4.518632458923753
549,808,2.9455206394195557,78.78459678240199,17.831108411400876,33,40,1151.2951368041395,0.5747013092041016,45,22,2,0.029564222483894002,0.7995983784551088,0.06703252210852167,1,496.9201346599026,0.7874273966104104
574,809,2.0943551063537598,78.80453938170945,17.833803357253238,27,40,1135.016410316457,0.4529058039188385,51,22,2,0.02929638550757629,0.697511651162299,0.19096261478633542,1,491.0109569448739,1.9160420873838817
566,810,1.8543341159820557,78.80831230590275,17.82949144388946,29,40,1135.016410316457,0.41652655601501465,50,21,2,0.02878838504314994,0.6643390891346169,0.23984842472211104,1,491.0109569448739,2.2523462947540027
572,811,2.157046318054199,78.807503822147,17.83164740057135,29,40,1135.016410316457,0.5209640860557556,48,23,2,0.029932318980145325,0.7057970373630149,0.1136022107668959,1,491.0109569448739,1.1784147297840566
555,812,1.8543341159820557,78.79726302790806,17.849434043196915,32,40,1151.2951368041395,0.6504741907119751,46,22,2,0.02950457576222098,0.6643390891346169,0.02418462673323375,1,496.9201346599026,0.23556196271084207
565,813,0.9742231965065002,78.80022746834567,17.835689819349888,29,40,1151.2951368041395,0.27842897176742554,49,22,1,0.03063260645764,0.5134924616652838,0.4622127905100396,1,496.9201346599026,3.6128221035067685
551,814,2.0943593978881836,78.79106465244763,17.835420324764648,34,40,1151.2951368041395,0.4756651818752289,45,21,2,0.02902787435560302,0.697512223378825,0.16294270397092483,1,496.9201346599026,1.639413739709998
568,815,3.3929853439331055,78.80965977882892,17.835150830179415,27,40,1135.016410316457,0.3462022840976715,50,23,2,0.02985571290986813,0.8462330272132089,0.3467850481975462,1,491.0109569448739,4.301985726123069
549,816,0.9742308259010315,78.78271032030534,17.837037292276065,31,40,1151.2951368041395,0.37476280331611633,46,23,2,0.03003330628227257,0.5134940704886403,0.301560079592093,1,496.9201346599026,2.310995083753204
570,817,2.6884779930114746,78.80669533839131,17.845122129833143,26,40,1135.016410316457,0.1608808934688568,51,23,2,0.029826789585390038,0.7708752413948285,0.6815048810246828,1,491.0109569448739,7.693974845515813
573,818,1.3449671268463135,78.81073775716982,17.84188819481031,26,40,1135.016410316457,0.3030949831008911,51,23,2,0.029826789585390038,0.5842120672230433,0.419022130496729,1,491.0109569448739,3.5851322273694226
550,819,3.704791784286499,78.78675273908385,17.82949144388946,34,40,1151.2951368041395,0.2954658567905426,45,21,2,0.02902787435560302,0.8766006888617621,0.4322482283634745,1,496.9201346599026,5.465587587476699
551,820,0.9742687940597534,78.78351880406103,17.84377465690696,33,50,1151.2951368041395,0.4021182954311371,43,24,2,0.030750211314657515,0.513502076786295,0.2605023657098904,1,496.9201346599026,2.0440361619584353
555,821,2.1570024490356445,78.79510707122614,17.827335487207577,32,40,1151.2951368041395,0.23853684961795807,46,22,2,0.02950457576222098,0.7057912902286749,0.5344471814105519,1,496.9201346599026,5.530406500523574
556,822,3.0636303424835205,78.79402909288524,17.83407285183847,34,40,1151.2951368041395,0.26413342356681824,45,21,2,0.02902787435560302,0.8122957047678429,0.4877833103787875,1,496.9201346599026,5.715351200936641
560,823,0.9741517901420593,78.80507837087987,17.822484584673326,31,40,1135.016410316457,0.5088582634925842,46,23,2,0.03003330628227257,0.5134774037179787,0.12591549727668272,1,491.0109569448739,0.9534432538865002
565,824,1.344934105873108,78.79968847917519,17.833533862668,30,30,1151.2951368041395,0.486807644367218,47,23,2,0.0299798071680585,0.584206327757404,0.14999187029422079,1,496.9201346599026,1.3054174282233468
556,825,2.1570024490356445,78.79672403873758,17.827335487207577,29,30,1151.2951368041395,0.24837306141853333,48,23,2,0.029932318980145325,0.7057912902286749,0.5163892087014579,1,496.9201346599026,5.421012536429817
551,826,2.6883087158203125,78.79375959829997,17.82356256301427,30,40,1151.2951368041395,0.6543242335319519,47,23,2,0.0299798071680585,0.7708557975627734,0.02269141514947905,1,496.9201346599026,0.2605854446197566
552,827,3.457740068435669,78.78432728781672,17.840271227298892,32,40,1151.2951368041395,0.24719561636447906,45,23,1,0.03139569142264923,0.852671903727943,0.5185428202638164,1,496.9201346599026,6.898000545710551
562,828,1.8543341159820557,78.8026529196128,17.837576281446538,30,40,1135.016410316457,0.7108674049377441,48,22,2,0.029403054202064658,0.6643390891346169,0.007319292930143536,1,491.0109569448739,0.07020088116229521
547,829,0.9274099469184875,78.78163234196438,17.828413465548515,37,30,1151.2951368041395,0.2700205445289612,40,23,2,0.030477045131687357,0.5034748895187708,0.47720785218061823,1,496.9201346599026,3.6386882537392093
560,830,0.9274099469184875,78.80049696293088,17.840271227298892,31,10,1135.016410316457,0.47625988721847534,48,21,2,0.02886624257519492,0.5034748895187708,0.16223849418899833,1,491.0109569448739,1.1577456621829807
553,831,0.9274099469184875,78.79349010371476,17.847547581100265,32,30,1151.2951368041395,0.46257483959198,46,22,2,0.02950457576222098,0.5034748895187708,0.17880697734494652,1,496.9201346599026,1.3198915412527108
551,832,1.344985842704773,78.78351880406103,17.846739097344553,32,30,1151.2951368041395,0.19143874943256378,45,23,2,0.03009274375958627,0.58421532024009,0.6228002926636507,1,496.9201346599026,5.44089231964448
556,833,2.0943496227264404,78.79268161995907,17.83164740057135,32,40,1151.2951368041395,0.29132333397865295,47,21,2,0.028914216017125644,0.6975109199957179,0.43948069134290146,1,496.9201346599026,4.404421010871416
549,834,0.0,78.7886392011805,17.847278086515026,34,40,1151.2951368041395,0.2913590669631958,43,23,2,0.03022918644166058,0.16531147321376102,0.43941815480752583,1,496.9201346599026,1.0911740915546908
564,835,0.9274099469184875,78.8026529196128,17.826257508866632,31,40,1135.016410316457,0.6552069187164307,47,22,2,0.029450829852146646,0.5034748895187708,0.02235779093675785,1,491.0109569448739,0.16277789436332718
556,836,2.920487880706787,78.78944768493619,17.839732238128427,33,40,1151.2951368041395,0.372213751077652,44,23,2,0.0301580557278245,0.7968684761794391,0.30550237713831085,1,496.9201346599026,3.6483053002495276
556,837,1.8543341159820557,78.79268161995907,17.84593061358885,33,40,1151.2951368041395,0.6074766516685486,45,22,2,0.029564222483894002,0.6643390891346169,0.04526422448678989,1,496.9201346599026,0.44177175634548244
558,838,0.9741517901420593,78.80103595210136,17.822484584673326,30,40,1135.016410316457,0.2617838978767395,47,23,2,0.0299798071680585,0.5134774037179787,0.49202104997664226,1,491.0109569448739,3.718990240982483
553,839,2.157024383544922,78.78917819035098,17.82949144388946,33,40,1151.2951368041395,0.2618349492549896,45,22,2,0.029564222483894002,0.7057941638045782,0.491928868540249,1,496.9201346599026,5.100742839788258
553,840,0.0,78.79322060912949,17.836498303105593,32,40,1151.2951368041395,0.5528839826583862,45,23,2,0.03009274375958627,0.16531147321376102,0.0843220443338769,1,496.9201346599026,0.20844549084199201
567,841,0.9742900729179382,78.80885129507317,17.847817075685498,29,40,1135.016410316457,0.21529507637023926,47,24,1,0.031822666787449265,0.5135065637504371,0.5776837235755123,1,491.0109569448739,4.63515098576029
564,842,2.0943312644958496,78.80480887629466,17.824371046769983,31,40,1135.016410316457,0.3465004861354828,46,23,2,0.03003330628227257,0.6975084721688335,0.3463013112940816,1,491.0109569448739,3.56203310763264
563,843,0.974166989326477,78.80723432756179,17.825179530525688,31,40,1135.016410316457,0.35800567269325256,48,21,2,0.02886624257519492,0.5134806089291429,0.3278194353571324,1,491.0109569448739,2.385833794262384
566,844,0.9274099469184875,78.80912078965844,17.849703537782148,29,40,1135.016410316457,0.3310015797615051,48,23,2,0.029932318980145325,0.5034748895187708,0.371746287119788,1,491.0109569448739,2.75078091905108
560,845,0.9274099469184875,78.79887999541944,17.827874476378042,31,40,1151.2951368041395,0.5337669253349304,47,22,2,0.029450829852146646,0.5034748895187708,0.10129685078011363,1,496.9201346599026,0.7463763847639657
541,846,0.9274099469184875,78.78297981489055,17.822754079258566,35,40,1151.2951368041395,0.4831399917602539,42,23,2,0.0303060877726832,0.5034748895187708,0.15419770042434078,1,496.9201346599026,1.1691552476093188
556,847,2.15720534324646,78.79537656581141,17.847817075685498,32,40,1151.2951368041395,0.4868675768375397,46,22,2,0.02950457576222098,0.7058178701393578,0.1499236126300695,1,496.9201346599026,1.5514531198709884
564,848,1.8543341159820557,78.8104682625846,17.838384765202242,28,40,1135.016410316457,0.5259885787963867,50,22,1,0.03059547623177808,0.6643390891346169,0.10868433397159354,1,491.0109569448739,1.0846888006921516
553,849,1.8543341159820557,78.78810021201002,17.837576281446538,32,40,1151.2951368041395,0.23908919095993042,45,23,2,0.03009274375958627,0.6643390891346169,0.5334291861642333,1,496.9201346599026,5.29925675581825
557,850,0.9274099469184875,78.79456808205572,17.83595931393512,31,40,1151.2951368041395,0.4908841550350189,46,23,2,0.03003330628227257,0.5034748895187708,0.14538367278111083,1,496.9201346599026,1.0924037711086683
559,851,2.1570627689361572,78.79510707122614,17.833264368082766,32,40,1151.2951368041395,0.18196162581443787,45,23,2,0.03009274375958627,0.7057991925203806,0.6409056141827078,1,496.9201346599026,6.764311742530196
549,852,2.156980514526367,78.78971717952146,17.824910035940448,33,40,1151.2951368041395,0.5801619291305542,46,21,2,0.02896811539631949,0.7057884166353052,0.06305541089142813,1,496.9201346599026,0.640624763793277
547,853,0.9741715788841248,78.78378829864624,17.825988014281393,34,40,1151.2951368041395,0.1602996289730072,44,22,2,0.029629709159312897,0.5134815767713263,0.682630219394538,1,496.9201346599026,5.160887106850868
558,854,1.9479806423187256,78.79214263078859,17.84458314066267,33,50,1151.2951368041395,0.17018452286720276,46,21,2,0.02896811539631949,0.6775709066386703,0.6635345353845428,1,496.9201346599026,6.471800451399952
560,855,1.3449254035949707,78.79591555498189,17.83137790598611,29,40,1151.2951368041395,0.12999847531318665,48,23,2,0.029932318980145325,0.5842048151765906,0.7416732134592061,1,496.9201346599026,6.444729375471631
553,856,1.3449957370758057,78.79349010371476,17.849164548611675,32,40,1151.2951368041395,0.6099826097488403,46,22,2,0.02950457576222098,0.584217039976997,0.04380635110357683,1,496.9201346599026,0.37522111383219664
547,857,2.688326358795166,78.78836970659529,17.82571851969616,32,40,1151.2951368041395,0.5495288968086243,46,22,2,0.02950457576222098,0.7708578241371059,0.0871785957834837,1,496.9201346599026,0.9852810337448711
553,858,0.9274099469184875,78.79295111454428,17.847278086515026,34,30,1151.2951368041395,0.4754786193370819,45,21,2,0.02902787435560302,0.5034748895187708,0.16316391771123837,1,496.9201346599026,1.1849602137082766
557,859,0.0,78.7924121253738,17.830569422230404,31,40,1151.2951368041395,0.29686668515205383,46,23,2,0.03003330628227257,0.16531147321376102,0.42981052467768527,1,496.9201346599026,1.0604001520005584
556,860,2.0943856239318848,78.79537656581141,17.84593061358885,33,40,1151.2951368041395,0.28616976737976074,44,23,2,0.0301580557278245,0.6975157202423634,0.4485268973820902,1,496.9201346599026,4.688483863640835
551,861,2.920437812805176,78.79214263078859,17.836767797690833,32,40,1151.2951368041395,0.3234051764011383,45,23,2,0.03009274375958627,0.796863002172515,0.3844356489884607,1,496.9201346599026,4.580951543823035
567,862,4.6273674964904785,78.80480887629466,17.84835606485597,29,40,1135.016410316457,0.3679687976837158,48,23,1,0.031228320613522858,0.9584419515340706,0.31210964295567367,1,491.0109569448739,4.586831799159784
561,863,3.704791784286499,78.80049696293088,17.845391624418376,32,40,1135.016410316457,0.5165306925773621,46,22,2,0.02950457576222098,0.8766006888617621,0.11803580651189428,1,491.0109569448739,1.4989810321029253
557,864,0.9274099469184875,78.78783071742481,17.841349205639837,34,40,1151.2951368041395,0.3383345603942871,43,23,2,0.03022918644166058,0.5034748895187708,0.359631410865093,1,496.9201346599026,2.7198721209057
570,865,1.8543341159820557,78.80400039253897,17.83407285183847,27,40,1135.016410316457,0.46516191959381104,51,22,2,0.02929638550757629,0.6643390891346169,0.17561704868818,1,491.0109569448739,1.6782695172421669
555,866,0.9274099469184875,78.79726302790806,17.825179530525688,32,40,1151.2951368041395,0.5541125535964966,46,22,2,0.02950457576222098,0.5034748895187708,0.08328915852723992,1,496.9201346599026,0.614811890735577
565,867,0.0,78.80615634922083,17.84862555944121,29,40,1135.016410316457,0.30906277894973755,48,23,1,0.031228320613522858,0.16531147321376102,0.40876331244625214,1,491.0109569448739,1.0361311230117412
556,868,1.3449561595916748,78.78567476074289,17.839193248957955,33,40,1151.2951368041395,0.31497853994369507,45,22,1,0.030844286372498107,0.5842101609838911,0.3986718777899849,1,496.9201346599026,3.5698176204860164
573,869,0.0,78.80534786546514,17.831108411400876,30,10,1135.016410316457,0.8059770464897156,49,21,2,0.028824270516558635,0.16531147321376102,0.0002465221448793697,1,491.0109569448739,0.0005767776755229412
557,870,2.0943849086761475,78.79268161995907,17.845661119003616,33,40,1151.2951368041395,0.49849143624305725,45,22,2,0.029564222483894002,0.6975156248737051,0.13697350135230613,1,496.9201346599026,1.4036006289350527
561,871,0.9274099469184875,78.79968847917519,17.827874476378042,31,40,1151.2951368041395,0.41312742233276367,47,22,2,0.029450829852146646,0.5034748895187708,0.24465779735231677,1,496.9201346599026,1.8026898258517834
552,872,2.0943431854248047,78.78675273908385,17.829221949304227,34,40,1151.2951368041395,0.33384811878204346,45,21,2,0.02902787435560302,0.6975100616682708,0.3670275650283968,1,496.9201346599026,3.69275919383396
565,873,0.9741927981376648,78.79941898458992,17.83003043305993,30,40,1151.2951368041395,0.4559326469898224,48,22,1,0.030676139869013505,0.5134860514347158,0.18711807238318878,1,496.9201346599026,1.464642692548393
562,874,0.9274099469184875,78.81100725175509,17.827335487207577,28,30,1135.016410316457,0.5381929278373718,51,21,2,0.028758681854367137,0.5034748895187708,0.09721669286886463,1,491.0109569448739,0.6911603538861915
553,875,1.3449407815933228,78.79322060912949,17.835150830179415,34,40,1151.2951368041395,0.25559478998184204,45,21,2,0.02902787435560302,0.584207488089396,0.5032295950236588,1,496.9201346599026,4.240676291589063
554,876,0.0,78.79322060912949,17.828143970963282,32,40,1151.2951368041395,0.3878720700740814,46,22,2,0.02950457576222098,0.16531147321376102,0.28159346113755107,1,496.9201346599026,0.6824982321118814
556,877,2.1570217609405518,78.79591555498189,17.829221949304227,29,40,1151.2951368041395,0.27828162908554077,48,23,2,0.029932318980145325,0.7057938202257699,0.4624744138942881,1,496.9201346599026,4.85503674397767
552,878,1.3448868989944458,78.7924121253738,17.82167610091762,31,40,1151.2951368041395,0.2863682508468628,47,22,2,0.029450829852146646,0.5841981224541278,0.4481775121693547,1,496.9201346599026,3.831725147590665
567,879,0.9274099469184875,78.80480887629466,17.825988014281393,30,40,1135.016410316457,0.5347365736961365,49,21,2,0.028824270516558635,0.5034748895187708,0.10039528308410343,1,491.0109569448739,0.7153863222684619
548,880,0.9274099469184875,78.78729172825433,17.824910035940448,32,40,1151.2951368041395,0.28017663955688477,46,22,2,0.02950457576222098,0.5034748895187708,0.45911276451038446,1,496.9201346599026,3.3890123492741346
563,881,1.8543341159820557,78.80211393044232,17.827335487207577,31,30,1135.016410316457,0.32154813408851624,48,21,2,0.02886624257519492,0.6643390891346169,0.38755874881862146,1,491.0109569448739,3.6492934892177464
556,882,1.3449506759643555,78.79160364161811,17.83784577603177,32,40,1151.2951368041395,0.24310144782066345,45,23,2,0.03009274375958627,0.5842092078608229,0.5260484097066502,1,496.9201346599026,4.595602860558849
562,883,2.1572163105010986,78.80130544668657,17.848895054026443,30,40,1135.016410316457,0.34983453154563904,47,23,2,0.0299798071680585,0.7058193068487163,0.3409088997171409,1,491.0109569448739,3.542027196311783
551,884,1.3449451923370361,78.78890869576577,17.836498303105593,32,40,1151.2951368041395,0.40015068650245667,45,23,2,0.03009274375958627,0.5842082547354263,0.263376505453463,1,496.9201346599026,2.3008754039209185
547,885,2.0943961143493652,78.78810021201002,17.849973032367387,31,40,1151.2951368041395,0.48382654786109924,46,23,2,0.03003330628227257,0.6975171189804488,0.1534061142602304,1,496.9201346599026,1.5969351480325245
558,886,0.0,78.78836970659529,17.842966173151254,34,40,1151.2951368041395,0.28884828090667725,43,23,2,0.03022918644166058,0.16531147321376102,0.44381858098788834,1,496.9201346599026,1.1021013392964545
565,887,2.157027244567871,78.79914949000471,17.8297609384747,30,30,1151.2951368041395,0.30512458086013794,48,22,1,0.030676139869013505,0.7057945386175386,0.4155244713450299,1,496.9201346599026,4.4705628274802995
554,888,5.36517333984375,78.78836970659529,17.845391624418376,33,40,1151.2951368041395,0.24870248138904572,43,24,2,0.030750211314657515,1.0258747688584187,0.5157870798165481,1,496.9201346599026,8.085362697653636
572,889,1.3449286222457886,78.80885129507317,17.83218638974182,29,40,1135.016410316457,0.22866173088550568,48,23,2,0.029932318980145325,0.584205374624972,0.552724212591421,1,491.0109569448739,4.745757973203868
560,890,0.9274099469184875,78.80939028424365,17.822484584673326,33,40,1135.016410316457,0.27960917353630066,45,22,2,0.029564222483894002,0.5034748895187708,0.4601187007618962,1,491.0109569448739,3.3628333479437784
543,891,3.891068696975708,78.78271032030534,17.825988014281393,34,40,1151.2951368041395,0.1946716010570526,44,22,2,0.029629709159312897,0.8940233350129516,0.6166467637425952,1,496.9201346599026,8.117070049235965
563,892,2.0943679809570312,78.80426988712418,17.838923754372715,29,40,1135.016410316457,0.6065733432769775,49,22,2,0.029361327463965223,0.6975133678097741,0.04579686556792022,1,491.0109569448739,0.46052706703177354
569,893,0.9274099469184875,78.80912078965844,17.833533862668,29,40,1135.016410316457,0.6215429306030273,49,22,2,0.029361327463965223,0.5034748895187708,0.037454993170226644,1,491.0109569448739,0.27186569346808176
547,894,7.3555827140808105,78.78998667410667,17.849434043196915,31,40,1151.2951368041395,0.5539525151252747,45,24,2,0.030614290023118454,1.2416186714327584,0.08342330709331114,1,496.9201346599026,1.575746762686362
567,895,0.9741715788841248,78.80453938170945,17.825988014281393,31,40,1135.016410316457,0.499200701713562,47,22,2,0.029450829852146646,0.5134815767713263,0.13620205198137553,1,491.0109569448739,1.0113401218949254
571,896,1.8543341159820557,78.8064258438061,17.847008591929793,26,40,1135.016410316457,0.1952662467956543,51,23,2,0.029826789585390038,0.6643390891346169,0.6155161842528781,1,491.0109569448739,5.988623047592335
547,897,0.0,78.78378829864624,17.83407285183847,35,40,1151.2951368041395,0.6209502816200256,43,22,2,0.029700982967947452,0.16531147321376102,0.037765749432327925,1,496.9201346599026,0.09214218795777997
566,898,4.0288310050964355,78.80130544668657,17.828682960133754,31,30,1135.016410316457,0.28900718688964844,48,21,2,0.02886624257519492,0.9065926710852289,0.4435397045845924,1,491.0109569448739,5.699360749771376
560,899,1.9478044509887695,78.79914949000471,17.828413465548515,31,40,1151.2951368041395,0.42762666940689087,47,22,2,0.029450829852146646,0.6775463730483634,0.2244229356990735,1,496.9201346599026,2.2253093609187005
556,900,1.9479137659072876,78.79591555498189,17.838384765202242,31,40,1151.2951368041395,0.426881343126297,47,22,2,0.029450829852146646,0.6775615946541235,0.22544506739643072,1,496.9201346599026,2.235494727984169
555,901,0.9274099469184875,78.79645454415237,17.839462743543187,31,30,1151.2951368041395,0.5106936097145081,47,22,2,0.029450829852146646,0.5034748895187708,0.12400684457497126,1,496.9201346599026,0.9137083692835234
568,902,0.9274099469184875,78.80858180048796,17.84242718398078,26,30,1135.016410316457,0.3336731493473053,50,24,2,0.03037916175238822,0.5034748895187708,0.36731703365345686,1,491.0109569448739,2.7585817169730773
553,903,4.727952480316162,78.79133414703284,17.847008591929793,33,40,1151.2951368041395,0.5528255105018616,45,22,2,0.029564222483894002,0.9667587456746939,0.08437137875105434,1,496.9201346599026,1.1983020763662746
567,904,0.9274099469184875,78.81073775716982,17.832455884327054,29,40,1135.016410316457,0.41117289662361145,49,22,2,0.029361327463965223,0.5034748895187708,0.247441081349601,1,491.0109569448739,1.7960420088148756
557,905,0.9274099469184875,78.79861050083423,17.82356256301427,31,40,1151.2951368041395,0.21038001775741577,47,22,2,0.029450829852146646,0.5034748895187708,0.5869216366053737,1,496.9201346599026,4.324561384639498
567,906,0.0,78.80453938170945,17.84458314066267,27,40,1135.016410316457,0.28019511699676514,51,22,2,0.02929638550757629,0.16531147321376102,0.4590800202678651,1,491.0109569448739,1.0916831667419897
552,907,3.8300421237945557,78.79106465244763,17.827065992622337,32,40,1151.2951368041395,0.24842588603496552,45,23,2,0.03009274375958627,0.8883710271765652,0.5162926417003122,1,496.9201346599026,6.858650977540422
547,908,0.9274099469184875,78.78378829864624,17.83164740057135,32,40,1151.2951368041395,0.2960336208343506,45,23,2,0.03009274375958627,0.5034748895187708,0.43125972062699897,1,496.9201346599026,3.246871445961244
565,909,1.3449506759643555,78.80561736005035,17.83784577603177,29,40,1135.016410316457,0.2652757167816162,49,22,2,0.029361327463965223,0.5842092078608229,0.48572650209404944,1,491.0109569448739,4.090977283622846
559,910,1.3449649810791016,78.80049696293088,17.841349205639837,33,40,1135.016410316457,0.7784561514854431,46,21,2,0.02896811539631949,0.5842116942639419,0.000887095192531018,1,491.0109569448739,0.007371432568932116
544,911,0.9274099469184875,78.78163234196438,17.832994873497526,35,40,1151.2951368041395,0.49552497267723083,42,23,2,0.0303060877726832,0.5034748895187708,0.14022354875457843,1,496.9201346599026,1.0632006665057723
550,912,2.157188892364502,78.78756122283954,17.84620010817408,33,10,1151.2951368041395,0.43798744678497314,43,24,2,0.030750211314657515,0.7058157150671339,0.2104221826109563,1,496.9201346599026,2.2694339296739705
551,913,2.0943713188171387,78.78405779323151,17.840271227298892,32,40,1151.2951368041395,0.2491321861743927,45,23,1,0.03139569142264923,0.6975138128654971,0.5150019084859325,1,496.9201346599026,5.604260277766465
564,914,0.0,78.80319190878322,17.82571851969616,31,40,1135.016410316457,0.2636648416519165,47,22,2,0.029450829852146646,0.16531147321376102,0.4886277011307438,1,491.0109569448739,1.1680725032534414
556,915,1.3449616432189941,78.78756122283954,17.840540721884132,34,40,1151.2951368041395,0.18016110360622406,43,23,2,0.03022918644166058,0.5842111141046313,0.6443561523176162,1,496.9201346599026,5.65469060651597
572,916,3.4576096534729004,78.80507837087987,17.830838916815637,30,10,1135.016410316457,0.7967146039009094,49,21,2,0.028824270516558635,0.8526590082670744,0.00039430531372241053,1,491.0109569448739,0.0047583624861850795
561,917,0.9742657542228699,78.79887999541944,17.843235667736487,31,40,1151.2951368041395,0.500786542892456,46,23,2,0.03003330628227257,0.5135014357866214,0.13448504749908025,1,496.9201346599026,1.030636223151114
550,918,0.0,78.78513577157241,17.847278086515026,33,40,1151.2951368041395,0.41275638341903687,43,24,2,0.030750211314657515,0.16531147321376102,0.24518516568014914,1,496.9201346599026,0.6193439303036452
564,919,0.9274099469184875,78.80723432756179,17.849434043196915,29,40,1135.016410316457,0.3760245740413666,47,24,1,0.031822666787449265,0.5034748895187708,0.2996157577441355,1,491.0109569448739,2.357057736367287
560,920,0.9274099469184875,78.80157494127184,17.840540721884132,33,40,1135.016410316457,0.5551175475120544,46,21,2,0.02896811539631949,0.5034748895187708,0.08244948016373889,1,491.0109569448739,0.5904418910002113
556,921,1.8543341159820557,78.79349010371476,17.84646960275932,33,40,1151.2951368041395,0.5994217395782471,44,23,2,0.0301580557278245,0.6643390891346169,0.05014772250931658,1,496.9201346599026,0.49926480758280223
561,922,1.8543341159820557,78.79699353332279,17.833803357253238,30,40,1151.2951368041395,0.19484303891658783,46,24,2,0.030555158406844272,0.6643390891346169,0.616320773349588,1,496.9201346599026,6.216812176328536
560,923,1.3449681997299194,78.79510707122614,17.84215768939555,31,50,1151.2951368041395,0.588250994682312,46,23,2,0.03003330628227257,0.5842122537024603,0.057421983177796544,1,496.9201346599026,0.5006550358517662
565,924,3.063530683517456,78.80184443585705,17.827874476378042,31,40,1135.016410316457,0.19410614669322968,48,21,2,0.02886624257519492,0.8122851149991165,0.6177222171307647,1,491.0109569448739,7.111859313951496
570,925,2.1571943759918213,78.80588685463562,17.846739097344553,26,40,1135.016410316457,0.11782306432723999,51,23,2,0.029826789585390038,0.7058164334256334,0.7655820418273015,1,491.0109569448739,7.913729426159318
549,926,2.0943284034729004,78.78971717952146,17.823293068429038,33,40,1151.2951368041395,0.5762103796005249,44,23,2,0.0301580557278245,0.6975080906881637,0.06591938271137654,1,496.9201346599026,0.6890525035871985
555,927,1.3449110984802246,78.79133414703284,17.827874476378042,32,40,1151.2951368041395,0.2763157784938812,46,22,2,0.02950457576222098,0.5842023287296353,0.46596892962387493,1,496.9201346599026,3.991133104583433
550,928,0.9742748737335205,78.78405779323151,17.845122129833143,32,40,1151.2951368041395,0.39371010661125183,45,23,2,0.03009274375958627,0.5135033587820452,0.2728721243127688,1,496.9201346599026,2.0953223326634345
553,929,1.3449969291687012,78.79133414703284,17.849434043196915,32,40,1151.2951368041395,0.4889412820339203,46,22,2,0.02950457576222098,0.584217247173703,0.14757118065064484,1,496.9201346599026,1.2640140303024405
560,930,2.094379186630249,78.79537656581141,17.843235667736487,33,60,1151.2951368041395,0.163654625415802,45,22,2,0.029564222483894002,0.6975148619237375,0.6761390272541957,1,496.9201346599026,6.928552723511211
549,931,3.0636088848114014,78.78432728781672,17.832725378912293,32,40,1151.2951368041395,0.5231197476387024,45,23,2,0.03009274375958627,0.8122934246914252,0.11147833922100196,1,496.9201346599026,1.3541033395663935
547,932,0.9274099469184875,78.78351880406103,17.826257508866632,34,40,1151.2951368041395,0.5070052146911621,44,22,2,0.029629709159312897,0.5034748895187708,0.12785761169055718,1,496.9201346599026,0.9478036696474442
565,933,2.6884889602661133,78.80238342502753,17.84646960275932,32,40,1135.016410316457,0.629669725894928,46,22,2,0.02950457576222098,0.7708765011108717,0.03335376341887298,1,491.0109569448739,0.37248621848596525
548,934,2.1570847034454346,78.78297981489055,17.835420324764648,35,40,1151.2951368041395,0.23866285383701324,43,22,2,0.029700982967947452,0.7058020660482521,0.5342149079597169,1,496.9201346599026,5.564886944430968
569,935,1.8543341159820557,78.80426988712418,17.834342346423703,27,40,1135.016410316457,0.4093290865421295,51,22,2,0.02929638550757629,0.6643390891346169,0.25007856010558827,1,491.0109569448739,2.3898546722888296
567,936,2.15720534324646,78.80453938170945,17.847817075685498,30,40,1135.016410316457,0.3157622218132019,46,24,2,0.030555158406844272,0.7058178701393578,0.39734096914577494,1,491.0109569448739,4.207573581675114
563,937,1.9478530883789062,78.79834100624902,17.832725378912293,30,40,1151.2951368041395,0.27284446358680725,47,23,2,0.0299798071680585,0.6775531456470649,0.47215724657577257,1,496.9201346599026,4.765905807666918
554,938,3.3930461406707764,78.78756122283954,17.845122129833143,33,40,1151.2951368041395,0.4142795205116272,43,24,2,0.030750211314657515,0.8462391066277475,0.24302327997409134,1,496.9201346599026,3.1425027619177515
551,939,1.3449759483337402,78.78297981489055,17.8440441514922,33,40,1151.2951368041395,0.41704487800598145,43,24,2,0.030750211314657515,0.5842136004956034,0.23911854944879352,1,496.9201346599026,2.1346153566271946
560,940,2.0943806171417236,78.7924121253738,17.84377465690696,33,60,1151.2951368041395,0.3032257854938507,46,21,2,0.02896811539631949,0.6975150526613462,0.41879644689541684,1,496.9201346599026,4.204974910035764
542,941,1.3448978662490845,78.78217133113486,17.824371046769983,35,40,1151.2951368041395,0.2150668203830719,42,23,2,0.0303060877726832,0.5842000287520944,0.5781120394701115,1,496.9201346599026,5.086160477448385
565,942,2.7802884578704834,78.80912078965844,17.82949144388946,28,30,1135.016410316457,0.7541098594665527,50,22,2,0.029325738173780258,0.781315268995993,0.0021685128245769493,1,491.0109569448739,0.02439655153366121
549,943,0.9274099469184875,78.79133414703284,17.823293068429038,31,40,1151.2951368041395,0.19222435355186462,45,24,2,0.030614290023118454,0.5034748895187708,0.6213038619855201,1,496.9201346599026,4.758747425159337
554,944,2.1569559574127197,78.79672403873758,17.822484584673326,33,40,1151.2951368041395,0.283918172121048,45,22,2,0.029564222483894002,0.7057851994393952,0.45249575607437686,1,496.9201346599026,4.691806723424013
550,945,4.712547779083252,78.78217133113486,17.847817075685498,32,40,1151.2951368041395,0.5469000935554504,44,24,2,0.03067932722450412,0.9654918265877959,0.08945339210841614,1,496.9201346599026,1.3166727313003233
558,946,0.9274099469184875,78.79726302790806,17.84835606485597,32,40,1151.2951368041395,0.6267053484916687,46,22,2,0.02950457576222098,0.5034748895187708,0.034815312343278865,1,496.9201346599026,0.2569946483649542
558,947,1.3449627161026,78.78998667410667,17.840810216469364,32,40,1151.2951368041395,0.19745221734046936,45,23,2,0.03009274375958627,0.5842113005845038,0.6113635705696726,1,496.9201346599026,5.340942366242985
552,948,1.8543341159820557,78.78944768493619,17.83595931393512,31,40,1151.2951368041395,0.7110103964805603,46,23,2,0.03003330628227257,0.6643390891346169,0.007294284455783418,1,496.9201346599026,0.0723206368013346
568,949,2.1571669578552246,78.80319190878322,17.84377465690696,27,40,1135.016410316457,0.2535361349582672,51,22,2,0.02929638550757629,0.7058128416222209,0.506972178733466,1,491.0109569448739,5.147293210730841
559,950,1.8543341159820557,78.79510707122614,17.8297609384747,28,40,1151.2951368041395,0.2228708565235138,47,25,2,0.031018166932415797,0.6643390891346169,0.5635073930345376,1,496.9201346599026,5.7702170285405385
558,951,1.3449902534484863,78.79699353332279,17.847817075685498,32,30,1151.2951368041395,0.5965572595596313,46,22,2,0.02950457576222098,0.5842160868707319,0.051957304070165806,1,496.9201346599026,0.44503696857611985
562,952,1.9479624032974243,78.79672403873758,17.84269667856602,32,40,1151.2951368041395,0.6470588445663452,46,22,2,0.02950457576222098,0.6775683670254856,0.02556152457285374,1,496.9201346599026,0.2539310707598904
549,953,0.9274099469184875,78.7886392011805,17.847008591929793,33,40,1151.2951368041395,0.23049648106098175,43,24,2,0.030750211314657515,0.5034748895187708,0.549317636044688,1,496.9201346599026,4.2260638711130465
549,954,2.9455528259277344,78.7886392011805,17.848895054026443,34,40,1151.2951368041395,0.5537390112876892,43,23,2,0.03022918644166058,0.7996018795811084,0.08360245798355757,1,496.9201346599026,1.004166909710884
564,955,0.0,78.80049696293088,17.8297609384747,30,30,1135.016410316457,0.5107994675636292,48,22,2,0.029403054202064658,0.16531147321376102,0.12389721218992816,1,491.0109569448739,0.29569784447697217
562,956,2.6884207725524902,78.80346140336849,17.83784577603177,30,40,1135.016410316457,0.3159387409687042,48,22,2,0.029403054202064658,0.7708686689135836,0.3970413846288103,1,491.0109569448739,4.418753746888067
562,957,1.9480352401733398,78.80480887629466,17.849434043196915,29,40,1135.016410316457,0.5087718963623047,48,23,2,0.029932318980145325,0.6775785087944324,0.12600567994923167,1,491.0109569448739,1.2548195987491764
544,958,2.945509195327759,78.78244082572007,17.824640541355215,35,40,1151.2951368041395,0.25733402371406555,42,23,2,0.0303060877726832,0.7995971336048162,0.5000732416071118,1,496.9201346599026,6.021730515479719
556,959,0.9274099469184875,78.79214263078859,17.83784577603177,32,40,1151.2951368041395,0.28368446230888367,45,23,2,0.03009274375958627,0.5034748895187708,0.45290828301842545,1,496.9201346599026,3.409859306206202
566,960,1.8543341159820557,78.80912078965844,17.82760498179281,30,40,1135.016410316457,0.4120539426803589,48,22,2,0.029403054202064658,0.6643390891346169,0.2461848478686908,1,491.0109569448739,2.3612107636807984
572,961,5.017396450042725,78.80723432756179,17.8440441514922,26,40,1135.016410316457,0.44181254506111145,51,23,2,0.029826789585390038,0.9901253039510485,0.20535281993569132,1,491.0109569448739,2.977751997626499
556,962,1.344948410987854,78.79780201707854,17.837306786861298,30,40,1151.2951368041395,0.6358778476715088,47,23,2,0.0299798071680585,0.584208814178876,0.030419779257423365,1,496.9201346599026,0.2647522091567806
550,963,0.9742748737335205,78.78405779323151,17.845122129833143,32,40,1151.2951368041395,0.4177526533603668,45,23,2,0.03009274375958627,0.5135033587820452,0.23812339435165727,1,496.9201346599026,1.8284948210494132
568,964,3.0636043548583984,78.80103595210136,17.832455884327054,29,10,1135.016410316457,0.7831636071205139,49,22,2,0.029361327463965223,0.8122929433407436,0.0007292135367754752,1,491.0109569448739,0.00853953598068231
567,965,0.9742247462272644,78.80831230590275,17.83595931393512,29,40,1135.016410316457,0.27510130405426025,48,23,2,0.029932318980145325,0.5134927884581395,0.468131422655099,1,491.0109569448739,3.532919082108007
556,966,2.157175064086914,78.79052566327715,17.844852635247904,30,40,1151.2951368041395,0.2893146276473999,44,26,2,0.031703611295929815,0.7058139035495493,0.4430002968905011,1,496.9201346599026,4.925944963877621
549,967,1.3448989391326904,78.79187313620332,17.824640541355215,34,30,1151.2951368041395,0.3673127293586731,44,22,2,0.029629709159312897,0.584200215237265,0.3131354634378947,1,496.9201346599026,2.693444002368525
556,968,0.9742217063903809,78.79402909288524,17.835150830179415,34,30,1151.2951368041395,0.23965947329998016,45,21,2,0.02902787435560302,0.5134921474410903,0.5323786118389536,1,496.9201346599026,3.943267459393313
555,969,2.9455456733703613,78.78675273908385,17.845122129833143,33,40,1151.2951368041395,0.2847254276275635,43,24,2,0.030750211314657515,0.7996011015550782,0.4510716714933353,1,496.9201346599026,5.511294718021767
569,970,2.0943856239318848,78.80534786546514,17.84593061358885,26,40,1135.016410316457,0.2578413486480713,51,23,2,0.029826789585390038,0.6975157202423634,0.4991535126584942,1,491.0109569448739,5.099009553518248
564,971,2.9455461502075195,78.80157494127184,17.845391624418376,32,40,1135.016410316457,0.32726702094078064,46,22,2,0.02950457576222098,0.7996011534235152,0.37796723943321175,1,491.0109569448739,4.3783263386199645
563,972,3.063782215118408,78.79914949000471,17.84377465690696,31,10,1151.2951368041395,0.6730878353118896,46,23,2,0.03003330628227257,0.8123118423702318,0.01627945714052493,1,496.9201346599026,0.19735695811370174
557,973,0.0,78.79753252249327,17.847547581100265,32,40,1151.2951368041395,0.4176514744758606,46,22,2,0.02950457576222098,0.16531147321376102,0.23826554899468416,1,496.9201346599026,0.5774843467782272
551,974,1.3449902534484863,78.78378829864624,17.847817075685498,34,40,1151.2951368041395,0.37513282895088196,43,23,2,0.03022918644166058,0.5842160868707319,0.3009894006035325,1,496.9201346599026,2.6414218556911586
545,975,2.945507526397705,78.78567476074289,17.82383205759951,32,10,1151.2951368041395,0.404223769903183,45,23,2,0.03009274375958627,0.7995969520639079,0.2574409050625442,1,496.9201346599026,3.078201637796316
550,976,1.8543341159820557,78.78783071742481,17.834881335594176,35,40,1151.2951368041395,0.31066083908081055,44,21,2,0.029093435025731893,0.6643390891346169,0.4060295099137253,1,496.9201346599026,3.899680265749777
547,977,2.0943593978881836,78.7819018365496,17.835689819349888,34,40,1151.2951368041395,0.23364916443824768,45,21,2,0.02902787435560302,0.697512223378825,0.543475442914465,1,496.9201346599026,5.468063844502884
557,978,1.3449583053588867,78.78971717952146,17.839732238128427,33,40,1151.2951368041395,0.23868133127689362,44,23,2,0.0301580557278245,0.5842105339444581,0.534180849072611,1,496.9201346599026,4.676787434902874
571,979,3.4578168392181396,78.80615634922083,17.84593061358885,26,40,1135.016410316457,0.3198380470275879,51,23,2,0.029826789585390038,0.8526794947050617,0.3904418826785724,1,491.0109569448739,4.875732957577289
550,980,3.3929922580718994,78.78621374991337,17.836498303105593,35,40,1151.2951368041395,0.2906310260295868,44,21,2,0.029093435025731893,0.8462337186008704,0.44069281523805,1,496.9201346599026,5.391478668600233
577,981,1.8543341159820557,78.80723432756179,17.84620010817408,23,40,1135.016410316457,0.2883701026439667,54,23,2,0.029778950906015168,0.6643390891346169,0.4446580782303193,1,491.0109569448739,4.31933183942786
554,982,0.0,78.79349010371476,17.84862555944121,32,40,1151.2951368041395,0.5149323344230652,46,22,2,0.02950457576222098,0.16531147321376102,0.11965578767882312,1,496.9201346599026,0.29000980073489796
563,983,1.8543341159820557,78.80804281131748,17.839732238128427,30,40,1135.016410316457,0.30680012702941895,47,23,2,0.0299798071680585,0.6643390891346169,0.41264370680143403,1,491.0109569448739,4.0353857073139805
557,984,0.0,78.79429858747045,17.845391624418376,33,40,1151.2951368041395,0.4338870644569397,44,23,2,0.0301580557278245,0.16531147321376102,0.2159164001654534,1,496.9201346599026,0.5349073442179555
573,985,2.094352960586548,78.8026529196128,17.832994873497526,28,10,1135.016410316457,0.8383116126060486,51,21,2,0.028758681854367137,0.6975113650537732,3.137584840700956e-05,1,491.0109569448739,0.0003090344717835909
557,986,0.9742217063903809,78.79591555498189,17.835150830179415,30,40,1151.2951368041395,0.21460728347301483,46,24,2,0.030555158406844272,0.5134921474410903,0.5789745544058715,1,496.9201346599026,4.514029755439149
557,987,2.15720534324646,78.79941898458992,17.847817075685498,32,30,1151.2951368041395,0.4058372974395752,47,21,2,0.028914216017125644,0.7058178701393578,0.2551046658964235,1,496.9201346599026,2.5870752864444593
558,988,2.6883087158203125,78.80130544668657,17.82356256301427,30,40,1135.016410316457,0.5461410880088806,47,23,2,0.0299798071680585,0.7708557975627734,0.09011615904464411,1,491.0109569448739,1.022576562705067
549,989,2.9455528259277344,78.78756122283954,17.848895054026443,34,40,1151.2951368041395,0.5572943091392517,43,23,2,0.03022918644166058,0.7996018795811084,0.08064697166037754,1,496.9201346599026,0.9686679346876359
565,990,1.3449935913085938,78.8064258438061,17.84862555944121,29,40,1135.016410316457,0.3347778916358948,48,23,1,0.031228320613522858,0.5842166670226487,0.36549063282643485,1,491.0109569448739,3.274085426205561
549,991,2.945528745651245,78.7886392011805,17.835689819349888,35,40,1151.2951368041395,0.46129122376441956,44,21,2,0.029093435025731893,0.7995992602223227,0.18039956892394654,1,496.9201346599026,2.0854005041668757
563,992,2.1571640968322754,78.80184443585705,17.843505162321726,30,40,1135.016410316457,0.23404252529144287,48,22,2,0.029403054202064658,0.7058124668237707,0.5427475327848706,1,491.0109569448739,5.530581684110675
561,993,1.344893455505371,78.80696483297652,17.823293068429038,32,40,1135.016410316457,0.22208333015441895,47,21,1,0.030166136097587237,0.5841992620899014,0.5649774505114102,1,491.0109569448739,4.88880807689005
566,994,1.3449639081954956,78.80723432756179,17.841079711054604,26,40,1135.016410316457,0.6302691698074341,50,24,2,0.03037916175238822,0.5842115077842577,0.03306299410847675,1,491.0109569448739,0.2881238816191506
550,995,1.3449054956436157,78.78810021201002,17.826257508866632,32,40,1151.2951368041395,0.5589331984519958,46,22,2,0.02950457576222098,0.584201354866926,0.07930449060794252,1,496.9201346599026,0.6792604185738982
558,996,2.094383478164673,78.79322060912949,17.845122129833143,33,40,1151.2951368041395,0.3808016777038574,45,22,2,0.029564222483894002,0.6975154341363301,0.2922975724925583,1,496.9201346599026,2.9952431700085693
551,997,0.9742900729179382,78.79133414703284,17.847817075685498,34,40,1151.2951368041395,0.4399379789829254,45,21,2,0.02902787435560302,0.5135065637504371,0.2078303674689432,1,496.9201346599026,1.5394189684590227
554,998,2.9455161094665527,78.7924121253738,17.828682960133754,32,40,1151.2951368041395,0.20278742909431458,46,22,2,0.02950457576222098,0.7995978857022127,0.6012519750455599,1,496.9201346599026,7.048620388015811
552,999,2.094395399093628,78.79295111454428,17.849703537782148,32,40,1151.2951368041395,0.5853726863861084,46,22,2,0.02950457576222098,0.697517023612076,0.05939121853319285,1,496.9201346599026,0.6073695511743565
560,1000,0.9274099469184875,78.79726302790806,17.84242718398078,32,40,1151.2951368041395,0.3538223206996918,46,22,2,0.02950457576222098,0.5034748895187708,0.33449814910999753,1,496.9201346599026,2.4691501647793586
